,subtype_id,cell_subtype,cell_type,cluster,lineage,germ_layer,stages,n_cells,global_markers,local_markers
0,1,Rostral ectoderm,Rostral ectoderm,Early,Ectoderm,Ectoderm,E7.5,914,"Dnmt3b, Pou5f1, Epcam, Pim2, Utf1, Slc7a3, Pou3f1, Rbpms2, L1td1, Spint2","Utf1, Epcam, Dnmt3b, Slc7a3, Cldn6, L1td1, Pou5f1, Zfp36l2, Rbpms2, Car14"
1,2,Amniotic ectoderm,Amniotic ectoderm,Extraembryonic and PGC,Extraembryonic ectoderm,Ectoderm,"E8.5, E9.0, E9.5, E10.0",8753,"Igfbp2, Slc2a3, Ahnak, Krt8, Krt18, Anxa2, Pmp22, Slc2a1, Rbms3, Plac8","Plac8, Tac2, Ppp2r2b, Slc2a1, Lrp2, Kcnq5, Pmp22, Dlk1, Wfdc2, Dpf3"
2,3,Extraembryonic ectoderm,Extraembryonic ectoderm,Extraembryonic and PGC,Extraembryonic ectoderm,Ectoderm,E7.5,342,"Rhox5, Fabp3, Phlda2, Rps3a3, Morc4, Trap1a, Id2, Tex19.1, Sfmbt2, Bex1","Rhox5, Id2, Fabp3, Rps3a3, Morc4, Tex19.1, Sfmbt2, Xist, Trap1a, Utf1"
3,4a,Cranial neural crest,Cranial neural crest,Early,Neural crest,Ectoderm,E8.0,201,"Sox9, Foxd3, Gadd45a, Ets1, Ptn, Pax3, Pak3, Mest, Id3, Tfap2a","Sox9, Foxd3, Ets1, Gadd45a, Pax3, Mest, Pak3, Tfap2a, Robo1, Id3"
4,4b,Cranial neural crest (anterior),Cranial neural crest,Neural crest,Neural crest,Ectoderm,"E8.5, E9.0, E9.5, E10.0",17118,"Cdh6, Tnik, Tfap2b, Sox10, Lmo4, Plp1, Nr2f1, Rbms3, Ets1, Mef2c","Celf2, Hmcn1, Id2, Gap43, Cited2, Id3, Tpi1, Mef2c, Slc16a3, Ppp2r2b"
5,4c,Cranial neural crest (posterior),Cranial neural crest,Neural crest,Neural crest,Ectoderm,"E8.5, E9.0, E9.5, E10.0",8108,"Crabp1, Cdh6, Dcc, Nr2f1, Crabp2, Tnik, Tfap2b, Zeb2, Sox10, Ednra","Crabp1, Meis1, Ednra, Nr2f1, Zfp503, Unc5c, Fhod3, Meis2, Epha4, Arid3b"
6,5,Frontonasal mesenchyme,Frontonasal mesenchyme,Neural crest,Neural crest,Ectoderm,"E8.5, E9.0, E9.5, E10.0",46044,"Crabp1, Cped1, Twist1, Alx3, Hmcn1, Prrx1, Col1a2, Cdh11, Col23a1, Col3a1","Alx3, Rarb, Crabp1, Col1a2, Alx1, Alx4, Crym, Ldhb, Pax3, Foxp1"
7,6a,Pharyngeal arch mesenchyme,Pharyngeal arch mesenchyme,Neural crest,Neural crest,Ectoderm,"E8.5, E9.0, E10.0",4711,"Twist1, Col23a1, Cdh11, Mef2c, Crabp1, Id1, Prrx1, Cped1, Lmo4, Adam12","Twist1, Mef2c, Hapln1, Plxna4, Cdh11, Adam12, Hopx, Ebf2, Id1, Plcb1"
8,6b,Pharyngeal arch mesenchyme (p1-p2),Pharyngeal arch mesenchyme,Neural crest,Neural crest,Ectoderm,"E9.0, E9.5, E10.0, E8.5",47310,"Twist1, Prrx1, Barx1, Col23a1, Mecom, Cped1, Bmpr1b, Gpc3, Fli1, Cdh11","Barx1, Stk26, Gpc3, Sema3a, Unc5c, Dlk1, Mab21l2, Bmpr1b, Ptn, Lrba"
9,6c,Pharyngeal arch mesenchyme (p3-p4),Pharyngeal arch mesenchyme,Neural crest,Neural crest,Ectoderm,"E9.0, E9.5, E10.0",14867,"Crabp1, Twist1, Prrx1, Col23a1, Mecom, Cped1, Nr2f1, Gpc5, Meis2, Fli1","Meis1, Meis2, Zfp503, Mecom, Meox1, Dcc, Gpc5, Slit2, Hoxb2, Foxp2"
10,7,Trigeminal ganglion neuron,Trigeminal ganglion neuron,Neural crest,Neural crest,Ectoderm,"E9.5, E10.0",2806,"Thsd7b, Tubb3, Neurod1, Cadm1, Hmx1, Ppp1r14a, Tmsb4x, Ebf1, Eya2, Cotl1","Hmx1, Tnik, Ncam2, Ndst3, Edil3, Pde4b, Nrp1, Ddah1, Igfbp2, Synpo"
11,8,Autonomic neuron,Autonomic neuron,Neural crest,Neural crest,Ectoderm,"E9.5, E10.0",622,"Phox2b, Cdkn1c, Ascl1, Nefl, Nefm, Tubb3, Tlx2, Srrm4, Cthrc1, Sox2ot","Id3, Tlx2, Sox2ot, Ascl1, Tspan18, Cthrc1, Id1, Tfap2b, Tanc2, Cdkn1c"
12,9,Autonomic progenitor,Autonomic progenitor,Neural crest,Neural crest,Ectoderm,"E9.5, E10.0",5462,"Cdh6, Crabp1, Tfap2b, Phox2b, Zeb2, Sntb1, Spon1, Lmo4, Cdh19, Ets1","Phox2b, Cdkn1c, Sox2ot, Ascl1, Sntb1, Peg10, Nell2, Fgf13, Spon1, Tshz2"
13,10,Dorsal root ganglion neuron,Dorsal root ganglion neuron,Neural crest,Neural crest,Ectoderm,"E9.0, E9.5, E10.0",2691,"Tubb3, Thsd7b, Pou4f1, Ppp1r14a, Cadm1, Neurod1, Isl1, Tmsb4x, Nav2, Ebf1","Crabp1, Crabp2, Hmx1, Hoxb8, Hoxb6, Hoxb9, Pou4f1, Hoxb4, Hoxc4, Dcc"
14,11,Dorsal root ganglion progenitor,Dorsal root ganglion progenitor,Neural crest,Neural crest,Ectoderm,"E9.5, E10.0",1703,"Ppp1r14a, Cadm1, Srrm4, Crabp2, Dcc, Pou4f1, Eya2, Tmsb4x, Galnt18, Nrp1","Crabp2, Dcc, H1f5, Top2a, Igfbpl1, Plk2, Gadd45g, Mki67, H1f4, Crabp1"
15,12,Sacral neural crest,Sacral neural crest,Neural crest,Neural crest,Ectoderm,"E9.0, E9.5, E10.0",3567,"Pax3, Tfap2b, Sox9, Ets1, Cdh6, Mest, Foxd3, Sox5, Slc35f1, Hoxb9","Sox9, Pak3, Greb1l, Hoxc10, Slc35f1, Tanc2, Dmd, Aldh1a2, Plagl1, Ccn1"
16,13,Trunk neural crest,Trunk neural crest,Neural crest,Neural crest,Ectoderm,"E8.5, E9.0, E9.5, E10.0",11543,"Cdh6, Dcc, Tfap2b, Crabp2, Hoxb9, Metrn, Rbms3, Plp1, Pax3, Foxd3","Hoxb9, Hoxb8, Hoxa7, Hoxc6, Tshz2, Tmem132c, Hoxb5os, Hoxc8, Hoxa9, Dcc"
17,14,Vagal neural crest,Vagal neural crest,Neural crest,Neural crest,Ectoderm,"E8.5, E9.0, E9.5, E10.0",9686,"Cdh6, Crabp1, Tfap2b, Crabp2, Metrn, Zeb2, Dcc, Ednrb, Tnik, Sox10","Hoxb4, Rarb, Rbp1, Tshz2, Crabp1, Spon1, Nrp1, Sfrp5, Tshz1, Hoxb3"
18,15,Forebrain,Forebrain,Early,Neural ectoderm,Ectoderm,E8.0,1722,"Dnmt3b, Slc2a1, Hesx1, Pou3f1, Sox2, Slc2a3, Otx2, Pim2, Emb, Greb1l","Hesx1, Six3, Shisa2, Epha7, Otx2, Mest, Lhx5, Greb1l, Lmo1, Kif21a"
19,16,Hindbrain,Hindbrain,Early,Neural ectoderm,Ectoderm,E8.0,1111,"Dnmt3b, Pou5f1, Slc2a3, Ptn, Slc2a1, Ezr, Greb1l, Lin28a, Sox3, Akr1b1","Meis2, Ptn, Crabp1, Npas3, Epha4, Irx3, Id2, Mast4, Map1b, Greb1l"
20,17,Spinal cord,Spinal cord,Early,Neural ectoderm,Ectoderm,E8.0,2990,"Slc2a1, Cdx1, Pou5f1, Nr6a1, Slc2a3, Hotairm1, Grsf1, Cdx2, Hoxa1, Sema3e","Cdx1, Hotairm1, Hoxaas3, Crabp2, Grsf1, Sema3e, Epha5, Hoxa1, Ncam1, Fgfbp3"
21,18,Diencephalon,Diencephalon,Anterior neural ectoderm,Neural ectoderm,Ectoderm,"E8.5, E9.0, E9.5, E10.0",23872,"Erbb4, Dcc, Adgrv1, Otx2, Sox2, Gm56811, Kif21a, Otx2os1, Npas3, Mecom","Erbb4, Dcc, Mecom, Rspo3, Pax6, Tcf7l2, Otx2, Otx2os1, Nr2f2, Slit2"
22,19,Eye field,Eye field,Anterior neural ectoderm,Neural ectoderm,Ectoderm,"E8.5, E9.0, E9.5, E10.0",20140,"Nlgn1, Lhx2, Egfem1, Six3os1, Six6, Six3, Pdzrn3, Adgrv1, Shisa2, Efna5","Nlgn1, Egfem1, Pdzrn3, Six6, Meis1, Pax2, Cdh11, Id2, Col9a1, Tenm2"
23,20a,Floor plate (posterior),Floor plate,Posterior neural ectoderm,Neural ectoderm,Ectoderm,"E8.5, E9.0, E9.5, E10.0",19520,"Adgrv1, Ntn1, Spon1, Rfx4, Fgf14, Slit1, Npas3, Ckb, Fat3, 9030622O22Rik","Spon1, Slit1, Slit3, Sox6, Ntn1, 9030622O22Rik, Peg3, Frmd4b, Slit2, Cdh6"
24,20b,Floor plate (anterior),Floor plate,Anterior neural ectoderm,Neural ectoderm,Ectoderm,"E8.5, E9.0, E9.5, E10.0",15215,"Adgrv1, Rfx4, Sulf1, Ntn1, Spon1, Slit2, Npas3, Erbb4, Sox2, Fat3","Sulf1, Samd5, Slit2, Dkk2, 9030622O22Rik, Lrtm1, Ephb2, Ntn1, Cald1, Foxp2"
25,21,Hypothalamus,Hypothalamus,Anterior neural ectoderm,Neural ectoderm,Ectoderm,"E8.5, E9.0, E9.5, E10.0",18557,"Erbb4, Sfta3-ps, Mest, Cdh6, Sox2, Nkx2-1, Dlk1, Spon1, Adgrv1, Lhx2","Gpc3, Sfta3-ps, Foxd1, Cdkn1c, Fndc3c1, Nkx2-1, Cdh6, Erbb4, Dbx1, Nkx2-4"
26,22,Midbrain,Midbrain,Anterior neural ectoderm,Neural ectoderm,Ectoderm,"E8.0, E8.5, E9.0, E9.5, E10.0",42185,"Adgrv1, Otx2, Erbb4, Ildr2, Adgrb3, Sox2, Rfx4, Npas3, Otx2os1, Efna2","Meis2, Otx2, Efna2, Otx2os1, Tal2, Mab21l2, Efna5, Nckap5, Ano1, Tmem132c"
27,23a,Roof plate (posterior),Roof plate,Posterior neural ectoderm,Neural ectoderm,Ectoderm,"E8.5, E9.0, E9.5, E10.0",5368,"Pax3, Msx1, Glis3, Ptn, Crabp2, Rspo3, Rfx4, Nrg3, Zic2, Wnt1","Aldh1a2, Pax3, Wnt1, Msx1, Tagln2, Glis3, Cdh6, Unc5c, Rspo3, Dmd"
28,23b,Roof plate (anterior),Roof plate,Anterior neural ectoderm,Neural ectoderm,Ectoderm,"E8.5, E9.0, E9.5, E10.0",6251,"Colec12, Mafb, Ctnna2, Nkain3, Mir100hg, Zic2, Wls, Slit2, Glis3, Msx1","Colec12, Nkain3, Mafb, Nfia, Ctnna2, Cdh11, Pcdh7, Sdk1, Eya4, Cdkn1c"
29,24a,Telencephalon (dorsal),Telencephalon,Anterior neural ectoderm,Neural ectoderm,Ectoderm,"E8.5, E9.0, E9.5, E10.0",65188,"Lhx2, Sox2, Gli3, Igfbp2, Mecom, Npas3, Ptprz1, Mest, Ptn, Crabp2","Dach1, Igfbp2, Lhx2, Emx2, Sema6a, Robo2, Hmga2, Gli3, Ptprz1, Dmrta2"
30,24b,Telencephalon (ventral),Telencephalon,Anterior neural ectoderm,Neural ectoderm,Ectoderm,"E9.0, E9.5, E10.0",7277,"Dlk1, Lhx2, Foxg1, Nkx2-1, Mest, Npas3, Nnat, Sox2, Mecom, Ccnd1","Dlk1, Foxg1, Nnat, Nkx2-1, Aff2, Prdm16, Ano1, Mecom, Clstn2, Ephb1"
31,25,Hindbrain (isthmic organizer),Hindbrain (isthmic organizer),Posterior neural ectoderm,Neural ectoderm,Ectoderm,"E8.5, E9.0, E9.5, E10.0",9304,"Pax5, Ptn, En2, En1, Rmst, Fgf8, Adgrv1, Fgf14, Adgrb3, Ccnd2","Pax5, Fgf8, En1, En2, Il17rd, Ptn, Fgf17, 2610027F03Rik, Pax8, Cnpy1"
32,26,Hindbrain (r1),Hindbrain (r1),Posterior neural ectoderm,Neural ectoderm,Ectoderm,"E8.5, E9.0, E9.5, E10.0",33182,"Adgrv1, Npas3, Ildr2, Sfrp2, Rfx4, Gm56811, Fat3, Sox2, Ptn, Fabp7","Slc44a5, Nebl, Mapk10, Sfrp2, Dab1, Pax5, En2, Ctnna2, Id2, Unc5c"
33,27,Hindbrain (r2-r4),Hindbrain (r2-r4),Posterior neural ectoderm,Neural ectoderm,Ectoderm,"E8.5, E9.0, E9.5, E10.0",51467,"Crabp1, Adgrv1, Fat3, Crabp2, Sfrp2, Gm56811, Rfx4, Sox2, Sfrp1, Ildr2","Crabp1, Cyp26b1, Epha7, Tenm2, Epha4, Nr2f2, Mest, Erbb4, Sfrp1, Meis2"
34,28,Hindbrain (r5-r8),Hindbrain (r5-r8),Posterior neural ectoderm,Neural ectoderm,Ectoderm,"E8.5, E9.0, E9.5, E10.0",51649,"Npas3, Adgrv1, Crabp2, Fat3, Rfx4, Rarb, Zfp536, Gm56811, Tox, Ckb","Rarb, Zfp536, Hoxb3, Tox, Npas3, Glra1, Dach1, Gm29478, Igfbp2, Hoxd4"
35,29a,Visceral motor neuron,Cranial motor neuron,Neuron,Neural ectoderm,Ectoderm,"E9.0, E9.5, E10.0",3174,"Tubb3, Ebf1, Phox2b, Ctnna2, Crabp1, Elavl4, Rtn1, Cacna2d1, Nkx6-1, Stmn2","Hoxb4, Meis2, Hoxb3, Crabp1, Prkce, Tshz3, Hoxc4, Fgf13, Enox2, Cacna2d1"
36,29b,Facial branchiomotor neuron,Cranial motor neuron,Neuron,Neural ectoderm,Ectoderm,"E9.0, E9.5, E10.0",973,"Tubb3, Ebf1, Crabp1, Phox2b, Cacna2d1, Rtn1, Ebf2, Nkx6-1, Nefl, Ctnna2","Mybpc1, Gata2, Hoxb1, Hoxb3os, Nalf1, Phox2a, Ccnd1, Phox2b, Fat3, Lhfpl6"
37,29c,Oculomotor neuron,Cranial motor neuron,Neuron,Neural ectoderm,Ectoderm,"E9.5, E10.0",182,"Phox2b, Tubb3, Elavl4, Ebf1, Nkx6-1, Ctnna2, Plxna4, Fgf14, St18, Phox2a","Sox2ot, Nav3, Ptn, Pax5, Fgf14, Gal, Hdac9, Plxna4, Eya1, Peg3"
38,29d,Trigeminal branchiomotor neuron,Cranial motor neuron,Neuron,Neural ectoderm,Ectoderm,"E9.0, E9.5, E10.0",1346,"Ebf1, Tubb3, Phox2b, Ctnna2, Nkx6-1, Elavl4, Ebf2, Isl1, Stmn2, St18","Cdh12, Tbx20, Gm26871, Akap6, Dpyd, Nrp1, Igfbp5, Sox1, Homer2, Rassf4"
39,29e,Trochlear neuron,Cranial motor neuron,Neuron,Neural ectoderm,Ectoderm,"E9.5, E10.0",277,"Kcnb2, Tubb3, Ebf1, Phox2a, Plcb1, Elavl4, Nkx6-1, Phox2b, Myo16, Map2","Plcb1, Kcnb2, Phox2a, Ccnd2, Cacna2d3, Galnt18, Dlc1, Hs3st4, Eya2, Stxbp6"
40,30a,Hypothalamic neuron,Hypothalamic neuron,Neuron,Neural ectoderm,Ectoderm,"E9.0, E9.5, E10.0",1718,"Dcc, Tubb3, Map2, Sox2ot, Cdkn1c, Dlk1, Pak3, Srrm4, Ctnna2, Grik2","Dlk1, Sox2ot, Isl1, Peg3, Sox5, Smoc1, Rian, Grik2, Sox6, Fndc3c1"
41,30b,Paraventricular hypothalamic neuron,Hypothalamic neuron,Neuron,Neural ectoderm,Ectoderm,"E9.5, E10.0",419,"Dcc, Tubb3, Sim1, Robo1, Cacna2d1, Map2, Nnat, Tmem163, Igfbpl1, Pak3","Sim1, Cacna2d1, Tenm4, Otp, Tmem163, Robo1, Ccnd2, Kirrel3, Nnat, Edil3"
42,30c,Subthalamic nucleus neuron,Hypothalamic neuron,Neuron,Neural ectoderm,Ectoderm,"E9.0, E9.5, E10.0",1395,"Dcc, Tubb3, Map2, Ebf1, Onecut2, Sim1, Thsd7a, Stmn2, Map1b, Myo16","9030622O22Rik, Rnf220, Fbxl7, Pitx2, Tmem163, Fat3, Nova1, Sim1, Tenm2, Foxp2"
43,31a,Midbrain GABAergic neuron,Midbrain neuron,Neuron,Neural ectoderm,Ectoderm,"E9.5, E10.0",230,"Pak3, Nav2, Nrxn3, Cacna2d3, Thsd7a, Tubb3, Tal2, St18, Epha5, Zfpm2","Cacna2d3, Tal2, Nrxn3, Nav2, Lhx1, Zfpm2, Gata2, Epha5, Dscam, Pdzrn4"
44,31b,Midbrain neuron,Midbrain neuron,Neuron,Neural ectoderm,Ectoderm,"E8.5, E9.0, E9.5, E10.0",7392,"Tubb3, Crabp1, Dcc, Onecut2, Map2, Stmn2, Ctnna2, Nav3, Srrm4, Map1b","Nav3, Tfap2b, Otx2, Prkg1, Crabp1, Ccnd2, Lef1, Armh4, Arhgap28, Tenm3"
45,32,Somatic motor neuron,Somatic motor neuron,Neuron,Neural ectoderm,Ectoderm,"E9.0, E9.5, E10.0",12734,"Slit3, Cacna2d1, Elavl4, Robo2, Isl1, Tubb3, Srrm4, Myo16, Gng2, Hecw2","Tenm3, Stk32a, Hecw2, Dach2, Mnx1, Mir100hg, Slit3, Sox2ot, Aff3, Cacna2d1"
46,33a,V0 interneuron,Spinal cord interneuron,Neuron,Neural ectoderm,Ectoderm,"E9.0, E9.5, E10.0",5078,"Dcc, Crabp1, Ebf2, Srrm4, Tubb3, Pou3f2, Igfbpl1, Frmd4b, Nckap5, Srgap3","Dbx1, Ccnd1, Irx3, Neurog1, Igfbpl1, Robo1, Pde1c, Irx5, Dusp4, Lhx5"
47,33b,V1 interneuron,Spinal cord interneuron,Neuron,Neural ectoderm,Ectoderm,"E9.0, E9.5, E10.0",3993,"Dcc, Crabp1, Nlgn1, Elavl4, Tubb3, Srrm4, Onecut2, Tmsb4x, Pax2, Nhlh2","Pax2, Nlgn1, Cacna2d3, Jag1, Rnf220, Foxd3, Ccnd1, Ass1, En1, Lhx1"
48,33c,V2 interneuron,Spinal cord interneuron,Neuron,Neural ectoderm,Ectoderm,"E9.5, E10.0",2190,"Dcc, Crabp1, Tubb3, Ina, Onecut2, Ebf1, Stmn2, Elavl4, St18, Dcx","Zfpm2, St18, Ina, Pcdh17, Gata2, Esrrg, Ebf1, Ank3, Crabp1, Sox21"
49,33d,V3 interneuron,Spinal cord interneuron,Neuron,Neural ectoderm,Ectoderm,"E9.5, E10.0",616,"Map2, Ebf1, Tubb3, Dcc, Frmd4b, Nckap5, Pou3f2, Igfbpl1, Srrm4, Pde4d","Pde4d, Sim1, Hoxb9, Pam, Rora, Nkx2-2, Neurog3, 9030622O22Rik, Galnt18, Csrnp3"
50,33e,Dl1 interneuron,Spinal cord interneuron,Neuron,Neural ectoderm,Ectoderm,"E9.0, E9.5, E10.0",3216,"Dcc, Nav2, Crabp1, Srrm4, Map2, Rassf4, Tubb3, Ebf2, Pou3f2, Epha5","Atoh1, Epha5, Gria4, Cntn2, Adgrl3, Rassf4, Barhl1, Nkd1, Ptn, Pdzrn3"
51,33f,Dl2-6 interneuron,Spinal cord interneuron,Neuron,Neural ectoderm,Ectoderm,"E9.0, E9.5, E10.0",9759,"Dcc, Crabp1, Nav2, Map2, Tubb3, Srrm4, Nckap5, Onecut2, Ckb, Gadd45g","Tfap2b, Pax3, Smoc1, Map2, Nckap5, Tfap2a, Ptn, Nav2, Tspan18, Msx3"
52,33g,Spinal cord interneuron progenitor,Spinal cord interneuron,Neuron,Neural ectoderm,Ectoderm,"E9.0, E9.5, E10.0",4740,"Dcc, Ebf2, Nckap5, Frmd4b, Rnf220, Srrm4, Ccnd1, Pou3f2, Gadd45g, Glra1","Ccnd1, Top2a, Rrm2, Nkx6-1, Hmgb2, Mki67, Pclaf, Mybl1, Dut, Atad2"
53,34,Spinal cord (cervical),Spinal cord (cervical),Posterior neural ectoderm,Neural ectoderm,Ectoderm,"E8.5, E9.0, E9.5, E10.0",74734,"Crabp2, Npas3, Rarb, Adgrv1, Dcc, Ckb, Pou3f2, Rfx4, Fat3, Mir100hg","Rarb, Tshz1, Hoxa5, Metrn, Hoxd4, Hoxb8, Hoxb3, Igfbp2, Hoxb4, Ckb"
54,35,Spinal cord (lumbar),Spinal cord (lumbar),Posterior neural ectoderm,Neural ectoderm,Ectoderm,"E9.0, E9.5, E10.0, E8.5",22368,"Greb1l, Mllt3, Fat3, Hoxc10, Pard3b, Ccnd2, Slc2a1, Crabp2, Ncam1, Ptn","Greb1l, Robo2, Hoxc10, Thsd4, Mllt3, Tmem132c, Hoxaas3, Slc2a3, Fam181b, Sema3a"
55,36,Spinal cord (sacral),Spinal cord (sacral),Posterior neural ectoderm,Neural ectoderm,Ectoderm,"E9.5, E10.0, E9.0",8080,"Hoxd11, Hoxc10, Ncam1, Greb1, Mllt3, Hoxa11os, Cdx4, Hoxa10, Slc2a3, Wnt5a","Hoxd11, Hoxa11os, Kirrel3, Foxd1, Hoxc10, Hoxa10, Ncam1, Wnt5a, Igfbp2, Hoxc11"
56,37,Spinal cord (thoracic),Spinal cord (thoracic),Posterior neural ectoderm,Neural ectoderm,Ectoderm,"E8.5, E9.0, E9.5, E10.0",73676,"Ccnd2, Hoxb9, Fat3, Crabp2, Sox2, Sox2ot, Adgrv1, Rfx4, Pou3f2, Adgrb3","Hoxb9, Hoxc8, Hoxb5os, Ccnd2, Adgrb3, Hoxa7, Hoxa9, Hoxc9, Hoxb8, Maml3"
57,38,Epibranchial placode,Epibranchial placode,Surface ectoderm,Surface ectoderm,Ectoderm,"E8.5, E9.0, E9.5, E10.0",10158,"Epcam, Hs6st3, Igfbp5, Galnt3, Spint2, Npnt, Hs6st2, Wfdc2, Meis2, Slit2","Hs6st3, Prrx2, Galnt3, Hoxb2, Slit2, Arg1, Dach1, Foxi2, Crabp2, Tshz2"
58,39,Epibranchial sensory neuron,Epibranchial sensory neuron,Surface ectoderm,Surface ectoderm,Ectoderm,"E9.0, E9.5, E10.0",2832,"Nefl, Thsd7b, Neurod1, Tubb3, Phox2b, Phox2a, Nefm, Igfbpl1, Isl1, Ebf1","Phox2b, Phox2a, Nefl, Igfbpl1, Plxna4, Alcam, Eeig2, Nefm, Itpr1, Mybpc1"
59,40a,Epidermal progenitor (anterior),Epidermal progenitor,Surface ectoderm,Surface ectoderm,Ectoderm,"E9.0, E9.5, E10.0",15192,"Pdgfa, Epcam, Igfbp2, Igfbp5, Trp63, Pcdh7, Hs6st2, Krt18, Frem2, Meis2","Dlk1, Pitx1, Csrp2, Pitx2, Vcan, Epha4, Fgf8, Ccnd2, Pcdh7, Hs6st2"
60,40b,Epidermal progenitor (posterior),Epidermal progenitor,Surface ectoderm,Surface ectoderm,Ectoderm,"E8.5, E9.0, E9.5, E10.0",37614,"Pdgfa, Hapln1, Epcam, Wnt6, Slc2a3, S100a11, Perp, Bcam, Dag1, Egr1","Hapln1, Peg10, Sdk1, Mgat5, Cadm1, Cxcl14, Frmd4b, Parp8, Hs6st3, Hoxc8"
61,41,Lens placode,Lens placode,Surface ectoderm,Surface ectoderm,Ectoderm,"E9.0, E9.5, E10.0",4716,"Aldh1a3, Pcdh9, Sema3a, Tenm2, Dab1, Epcam, Sostdc1, Ctnnd2, Egfem1, Ikzf2","Aldh1a3, Pcdh9, Tenm2, Lingo2, Egfem1, Dab1, Mgarp, Hmx1, Zfhx4, Trpm3"
62,42,Olfactory placode,Olfactory placode,Surface ectoderm,Surface ectoderm,Ectoderm,"E8.5, E9.0, E9.5, E10.0",12536,"Epcam, Dlk1, Igfbp2, Mest, Dlx5, Sox2, Spint2, Pdgfa, Cldn7, Mecom","Dlk1, Mecom, Sox2ot, Sox2, Kcnd2, Lgr4, Six3, Six3os1, Ccdc171, Mir99ahg"
63,43,Olfactory sensory neuron,Olfactory sensory neuron,Surface ectoderm,Surface ectoderm,Ectoderm,"E9.5, E10.0",814,"Dcc, Tubb3, Elavl4, Ebf2, Neurod1, Gadd45a, Igfbpl1, Insm1, Tamalin, Robo2","Krt8, Gadd45a, Spint2, Epcam, Nfib, Cep152, Cadm1, Dscaml1, Eya2, Zmat4"
64,44,Otic placode,Otic placode,Surface ectoderm,Surface ectoderm,Ectoderm,"E8.5, E9.0, E9.5, E10.0",6037,"Epcam, Trpm3, Ptn, Wfdc2, Bmpr1b, Ror1, Sox9, Ccser1, Lmx1a, Spint2","Ptn, Trpm3, Sox9, Unc5c, Lmx1a, 2610035D17Rik, Dach1, Bmpr1b, Rtn1, Ror1"
65,45,Otic sensory neuron,Otic sensory neuron,Surface ectoderm,Surface ectoderm,Ectoderm,"E9.0, E9.5, E10.0",2170,"Neurod1, Thsd7b, Cadm1, Ebf1, Ppp1r14a, Tubb3, Ccnd1, Cotl1, Six1, Tmsb4x","Ccnd1, Fgf10, Bdnf, Kirrel3, Gfra1, Greb1l, Zfpm2, Irx1, Palld, Celf2"
66,46,Pre-placodal ectoderm,Pre-placodal ectoderm,Surface ectoderm,Surface ectoderm,Ectoderm,"E8.5, E9.0",4934,"Slc2a3, Epcam, Aldh1a3, Krt18, Sema3a, Spint2, Wfdc2, Cldn6, Igfbp5, Krt8","Aldh1a3, Map1b, Sema3a, Pcdh9, Phlda1, Nr2f1, Gas1, Zfhx4, Pkdcc, Sulf1"
67,47a,Apical ectodermal ridge,Surface ectoderm,Surface ectoderm,Surface ectoderm,Ectoderm,"E9.5, E10.0",4521,"Fgf8, Adamts18, Pdgfa, Igfbp5, Epcam, Egr1, Hs6st3, Bambi, Wnt6, Fmn1","Fgf8, Bambi, Adamts18, Wnt5a, Hs6st3, Map2, Plpp3, Gja1, Dcbld1, Kirrel3"
68,47b,Surface ectoderm (anterior),Surface ectoderm,Surface ectoderm,Surface ectoderm,Ectoderm,"E8.0, E8.5, E9.0",4613,"Epcam, Slc2a3, Krt18, Emb, Wfdc2, Spint2, Slc2a1, Krt8, Etl4, Ikzf2","Dlk1, Trpm3, Has2, Nkx2-3, Socs2, Pcdh7, Otx2, Emb, Prkg1, Unc5c"
69,47c,Surface ectoderm (posterior),Surface ectoderm,Surface ectoderm,Surface ectoderm,Ectoderm,"E8.0, E8.5, E9.0, E9.5, E10.0",2239,"Slc2a3, Epcam, Pdgfa, Krt18, Wnt6, Krt8, Hapln1, Spint2, Cldn6, Msx1","Msx1, Cdx2, Crabp1, Hoxaas3, S100a10, Phlda2, Pmp22, Hoxc8, Wnt6, Hapln1"
70,48,Trigeminal placode,Trigeminal placode,Surface ectoderm,Surface ectoderm,Ectoderm,"E9.0, E9.5, E10.0",13443,"Igfbp2, Hapln1, Slc2a3, Sostdc1, S100a11, Epcam, Tpm1, Sema3a, Egr1, Wnt6","Igfbp2, Hapln1, Slc2a3, Ctnna2, Slit3, S100a10, S100a11, Sostdc1, Anxa2, Mt2"
71,49,Trigeminal sensory neuron,Trigeminal sensory neuron,Surface ectoderm,Surface ectoderm,Ectoderm,"E9.0, E9.5, E10.0",6382,"Tubb3, Sdk1, Thsd7b, Neurod1, Nrg1, Ebf1, Isl1, Cadm1, Eya2, Kcnb2","Nrg1, Ccnd2, Peg3, Ntm, Ptprd, Robo2, Sdk1, Kif19a, Elavl2, Tfap2a"
72,50,Definitive endoderm,Definitive endoderm,Early,Endoderm,Endoderm,E7.5,235,"Emb, Car4, Slc16a1, Slc2a3, Trh, Krt18, Krt8, Epcam, Spink1, Cldn6","Trh, Sfrp1, Cer1, Car2, Eda, Kitl, Elmo1, Sox17, Krt8, Cd24a"
73,51,Gut,Gut,Early,Endoderm,Endoderm,E8.0,909,"Emb, Slc2a3, Car4, Krt18, Epcam, Krt8, Spink1, Slc16a1, Slc2a1, Apela","Apela, Spink1, Car4, Slc2a1, Trh, Slc16a1, Ifitm1, Emb, Cpn1, Sparc"
74,52,Enteroendocrine progenitor,Enteroendocrine progenitor,Endoderm and notochord,Endoderm,Endoderm,"E9.0, E9.5, E10.0",114,"Slc38a5, Ptprn2, Pyy, Gcg, Cacna2d1, Ghrl, Rbp4, Cadps, Isl1, Rtl4","Slc38a5, Pyy, Gcg, Spint2, Rbp4, Ghrl, Cacna1c, Rtl4, Epcam, Cacna2d1"
75,53a,Foregut,Foregut,Endoderm and notochord,Endoderm,Endoderm,"E8.5, E9.0",1716,"Ttr, Krt18, Bex1, Robo2, Emb, Krt8, Epcam, Car4, Bex4, Cldn6","Ttr, Cdkn1c, Reln, Hhex, Robo2, Peg10, Pyy, Apela, Phlda2, Car4"
76,53b,Pancreatic-biliary progenitor,Foregut,Endoderm and notochord,Endoderm,Endoderm,"E9.0, E9.5, E10.0",1067,"Nepn, Epcam, 9030622O22Rik, Peg3, Krt18, Rbp4, Emb, Spint2, Krt8, Onecut2","Onecut2, Nepn, Flrt2, Rbms3, Sfrp5, Pdx1, Nkx6-2, Sox9, Prox1, Ambp"
77,53c,Respiratory progenitor,Foregut,Endoderm and notochord,Endoderm,Endoderm,"E9.0, E9.5, E10.0",2762,"Epcam, 9030622O22Rik, Krt18, Mecom, Peg3, Krt8, Emb, Bex1, Arg1, Cldn6","Sox2, 9030622O22Rik, Galntl6, Rarb, Ppp2r2b, Osr1, Hotairm1, Mecom, Meis1, Car4"
78,53d,Thyroid progenitor,Foregut,Endoderm and notochord,Endoderm,Endoderm,"E9.5, E10.0",1594,"Mecom, Sfta3-ps, Foxp2, Epcam, Nkx2-1, Shh, Sema3c, Ctnnd2, Krt18, Cpm","Sfta3-ps, Foxp2, Nkx2-1, Ctnnd2, Shh, Plcl1, Mecom, Lama3, Epha7, Irx2"
79,54,Hepatoblast,Hepatoblast,Endoderm and notochord,Endoderm,Endoderm,"E9.0, E9.5, E10.0",2715,"Afp, Dlk1, Fgb, Reln, Ttr, Apoa2, Itih2, Rbp4, Apoe, Trf","Dlk1, Afp, Itih2, Reln, Fgb, Fabp5, Apoa2, Ambp, Serpina1b, Serpinf2"
80,55,Hindgut,Hindgut,Endoderm and notochord,Endoderm,Endoderm,"E8.5, E9.0, E9.5, E10.0",7896,"Epcam, Gpc3, Spint2, Robo2, Cldn7, Cldn6, Bex1, Slc2a3, Ezr, Prickle1","Prickle1, Hoxa9, Map1b, Hoxa10, Mllt3, Amph, Fbn2, Wnt5a, Greb1, Trps1"
81,56,Midgut,Midgut,Endoderm and notochord,Endoderm,Endoderm,"E8.5, E9.0, E9.5, E10.0",6490,"Rbp4, Epcam, Nepn, Krt18, Bex1, Krt8, Spint2, Peg3, Robo2, Cldn6","Rbp4, Nepn, Kcnq3, Prdm1, Elmo1, Kif26b, Dpp4, Tdh, Klhl13, Pitx2"
82,57,Parietal endoderm,Parietal endoderm,Endoderm and notochord,Endoderm,Endoderm,"E7.5, E8.0, E9.0, E9.5, E10.0",37,"Sparc, Col4a1, Fst, Cd9, Lama1, Fabp3, Col4a2, Lamc1, Lamb1, Srgn","Fst, Col4a1, Lama1, Sparc, Col4a2, Serpinh1, Lamc1, Lamb1, Srgn, Nid1"
83,58,Pharyngeal endoderm,Pharyngeal endoderm,Endoderm and notochord,Endoderm,Endoderm,"E8.5, E9.0, E9.5, E10.0",13027,"Epcam, Igfbp5, Krt18, Spint2, Cldn6, Wfdc2, Etl4, Cldn7, Bex1, Sulf1","Sulf1, Adgrv1, Tmsb4x, Palld, Cacna2d1, Pax9, Ccser1, Uchl1, Foxe1, Sparc"
84,59,Visceral endoderm,Visceral endoderm,Extraembryonic and PGC,Extraembryonic endoderm,Endoderm,"E7.5, E8.0, E9.0, E8.5, E9.5, E10.0",1408,"Ttr, Rbp4, Apoa1, Apob, Apoe, Cubn, Emb, Afp, Dab2, Amn","Ttr, Rbp4, Apoa1, Apob, Cubn, Afp, Dab2, Apom, Amn, Tdh"
85,60,Epiblast,Epiblast,Early,Epiblast,Epiblast,E7.5,635,"Pou5f1, Dnmt3b, Fst, Epcam, Bex4, Tceal8, Bex1, Emb, Spint2, Pim2","Cdx2, Mcc, Fst, Id3, Sp5, Pou5f1, Sema6a, Tceal8, Ptprm, Epcam"
86,61,Primitive streak,Primitive streak,Early,Epiblast,Epiblast,"E7.5, E8.0",306,"T, Pou5f1, Fst, Dnmt3b, Tceal8, Apln, Sp5, Phlda2, Lef1, Emb","T, Fst, Hoxb1, Wnt3a, Alcam, Rbp1, Apln, Meis2, Hoxb2, Hes7"
87,62,Axial progenitor,Axial progenitor,Posterior neural ectoderm,Epiblast,Epiblast,"E8.0, E8.5, E9.0, E9.5, E10.0",9629,"Cdx4, Cyp26a1, Rspo3, T, Fgf8, Hoxaas3, Greb1, Cdx2, Kif26b, Mllt3","Cyp26a1, T, Fgf8, Rspo3, Cdx4, Cdx2, Fgf17, Tpm1, Epha5, Sema6a"
88,63,Macrophage,Macrophage,Blood and endothelial,Blood,Mesoderm,"E8.5, E9.0, E9.5, E10.0",2647,"Coro1a, Mef2c, Runx1, Fcer1g, Arpc1b, Lcp1, Tmsb4x, Arhgdib, Ccl3, Spi1","Ccl3, Coro1a, Cebpb, Spi1, Tyrobp, Ctsc, Lcp1, Apbb1ip, Plac8, C1qb"
89,64,Megakaryocyte,Megakaryocyte,Blood and endothelial,Blood,Mesoderm,"E8.5, E9.0, E9.5, E10.0",838,"Pf4, Fermt3, Plek, Thbs1, Prkca, Rab27b, Prkar2b, Rap1b, Cd9, Itgb3","Pf4, Thbs1, Rab27b, Prkca, Fermt3, Rabgap1l, Pard3b, Plek, Itgb3, Cd9"
90,65,Primitive erythrocyte,Primitive erythrocyte,Blood and endothelial,Blood,Mesoderm,"E8.5, E9.0, E9.5, E10.0",55551,"Hbb-y, Hbb-bh1, Hba-x, Hba-a1, Hba-a2, Ahsp, Car2, Mgst3, Slc25a37, Gypa","Hba-x, Hbb-y, Hbb-bh1, Hba-a1, Hba-a2, Ahsp, Car2, Mgst3, Slc25a37, Gypa"
91,66,Allantoic endothelial progenitor,Allantoic endothelial progenitor,Blood and endothelial,Extraembryonic mesoderm,Mesoderm,"E8.0, E8.5, E9.0, E10.0",3302,"Ramp2, Kdr, Mest, Fli1, Egfl7, Fn1, Plac1, Ptprm, Rhoj, Meg3","Meg3, Dlk1, Plac1, Rian, Peg3, Fn1, Mest, Hoxa9, Igf2r, Tmem158"
92,67a,Endothelial cell,Endothelial cell,Blood and endothelial,Mesoderm,Mesoderm,"E8.5, E9.0, E9.5, E10.0",18376,"Ptprm, Emcn, Ramp2, Kdr, Gng11, Cdh5, Flt1, Plvap, Hapln1, Vim","Piezo2, Arhgap18, Pcdh17, Aplnr, Rapgef4, Dock4, Mef2c, Clec1b, Ccnd1, Gng11"
93,67b,Yolk sac endothelial cell,Endothelial cell,Blood and endothelial,Extraembryonic mesoderm,Mesoderm,"E8.5, E9.0, E9.5, E10.0",369,"Ramp2, Gng11, Vim, Plvap, Mest, Igfbp4, Emcn, Sparc, Cdh5, Egfl7","Tmsb4x, Filip1l, Cavin3, Gap43, Rps8, Tagln2, Vim, Sparc, Calm1, Maged2"
94,68,Allantois,Allantois,Extraembryonic and PGC,Extraembryonic mesoderm,Mesoderm,"E7.5, E8.0, E8.5, E9.0, E9.5, E10.0",15703,"Phlda2, Pitx1, Tbx4, Spin2c, Slc38a4, Pmp22, Plac1, Unc5c, Hand1, Twist1","Phlda2, Cdkn1c, Tbx4, Pitx1, Spin2c, Pmp22, Krt8, Sgce, Unc5c, Hand1"
95,69,Extraembryonic mesoderm,Extraembryonic mesoderm,Extraembryonic and PGC,Extraembryonic mesoderm,Mesoderm,"E7.5, E8.0, E8.5, E9.0, E9.5, E10.0",19061,"Col1a1, Postn, Lum, Col1a2, Col3a1, Dlk1, Acta2, Sparc, Arhgap6, Pmp22","Postn, Lum, Col1a1, Col3a1, Col1a2, Acta2, Nrp1, Dcn, Csrp2, Col5a2"
96,70a,Intermediate mesoderm,Intermediate mesoderm,Intermediate and somatic mesoderm,Intermediate mesoderm,Mesoderm,"E7.5, E8.0, E8.5",2828,"Phlda2, Ifitm1, Cited1, Hoxaas3, Lef1, Cdx4, Prtg, Rbp1, Osr1, Greb1l","Hoxaas3, Cited1, Rbp1, Maml3, Gm14226, Hoxb9, Cacna2d1, Cdx4, Cdx1, Rnf213"
97,70b,Intermediate mesoderm (posterior),Intermediate mesoderm,Intermediate and somatic mesoderm,Intermediate mesoderm,Mesoderm,"E9.5, E10.0",6095,"Dlk1, Peg3, Gpc3, Gas1, Mest, Wt1, Meis1, Bnc2, Tshz2, Aldh1a2","Wt1, Palld, Creb5, Ror1, Cxcl12, Id3, Bmper, Nrg1, AU020206, Gas1"
98,70c,Intermediate mesoderm (nephrogenic),Intermediate mesoderm,Intermediate and somatic mesoderm,Intermediate mesoderm,Mesoderm,"E9.0, E9.5, E10.0",13350,"Pax2, Ncam1, Gpc6, Tshz2, Arid5b, Ltbp1, Nrp1, Hmga2, Thsd4, Rdh10","Pax2, Wfdc2, Pax8, Ncam1, Rmst, Sim1, Arid5b, Cdkn1c, Dach1, Nrp1"
99,71,Lateral plate mesoderm,Lateral plate mesoderm,Splanchnic mesoderm,Lateral plate mesoderm,Mesoderm,"E7.5, E8.0",1137,"Ifitm1, Phlda2, Aldh1a2, Prtg, Arg1, Gata6, Twist1, Foxf1, Csrp2, Gpc3","Sfrp5, Aldh1a2, Dusp9, Gata6, Ifitm1, Lefty2, Dach1, Emb, Igfbpl1, Nhs"
100,72,Epicardium,Epicardium,Splanchnic mesoderm,Lateral plate mesoderm,Mesoderm,"E9.0, E9.5, E10.0",2518,"Kcnq5, Erbb4, Thsd4, Tmem108, Nfia, Arhgap6, Igfbp5, Flrt2, Tbx18, Itga4","Thsd4, Itga4, Ebf1, Sorcs1, Tbx18, Erbb4, Stk26, Wt1, Upk3b, Sox9"
101,73a,First heart field,First heart field,Splanchnic mesoderm,Lateral plate mesoderm,Mesoderm,E8.0,487,"Myl7, Actc1, Ttn, Myl4, Tnnt2, Acta2, Slc8a1, Tpm1, Ryr2, Tnni1","Phlda2, Sfrp5, Hmga2, Apoe, Mpped2, Cited2, Actg1, Hdgf, Map1b, Amph"
102,73b,Left ventricle,First heart field,Splanchnic mesoderm,Lateral plate mesoderm,Mesoderm,"E8.5, E9.0, E9.5, E10.0",3462,"Actc1, Myl7, Ttn, Myl4, Acta2, Tnnt2, Myl3, Tnni1, Slc8a1, Myl2","Myl2, Mest, Nppa, Acta1, Ccnd2, Smpx, Myl3, Myh7, Mpped2, Nppb"
103,73c,Atrioventricular canal,First heart field,Splanchnic mesoderm,Lateral plate mesoderm,Mesoderm,"E8.5, E9.0, E9.5, E10.0",1356,"Actc1, Ttn, Myl7, Myl4, Slc8a1, Acta2, Tnnt2, Myh6, Ryr2, Tnni1","Rspo3, Rgs6, Cacna2d2, Tbx5, Bmp2, Zfpm2, Mlip, Wnt2, Myh6, Spon1"
104,75a,Second heart field (anterior),Second heart field,Splanchnic mesoderm,Lateral plate mesoderm,Mesoderm,"E8.0, E8.5, E9.0, E9.5, E10.0",4005,"Mpped2, Prkg1, Armh4, Dlk1, Mecom, Kcnq5, Arhgap6, Runx1t1, Tnni1, Prrx2","Igfbpl1, Prtg, Armh4, Myl7, Ier2, Irx3, Mpped2, Npm3, Isl1, Pgk1"
105,75b,Outflow tract,Second heart field,Splanchnic mesoderm,Lateral plate mesoderm,Mesoderm,"E9.0, E9.5, E10.0",2077,"Mecom, Rgs5, Armh4, Unc5c, Gpc3, Mef2c, Prkg1, Dlk1, Tnni1, Runx1t1","Mecom, Rgs5, Unc5c, Isl1, Foxp2, Tshz2, Grid2, Gpc3, Armh4, Mef2c"
106,75c,Right ventricle,Second heart field,Splanchnic mesoderm,Lateral plate mesoderm,Mesoderm,"E8.5, E9.0, E9.5, E10.0",2882,"Ttn, Actc1, Myl7, Acta2, Myl4, Tnnt2, Slc8a1, Tnni1, Tagln, Tpm1","Dlk1, Nrp2, Cripto, Fhl1, Cdkn1c, Rgs5, Mecom, Amph, Myh7, Armh4"
107,75d,Second heart field (posterior),Second heart field,Splanchnic mesoderm,Lateral plate mesoderm,Mesoderm,"E8.0, E8.5, E9.0, E10.0",3137,"Ryr2, Myl4, Myl7, Actc1, Sfrp5, Tnni1, Wnt2, Tnnt2, Gata6, Ccdc141","Sfrp5, Nr2f2, Fabp5, Wnt2, Dusp9, Kitl, Sfrp1, Gpc6, Trabd2b, H1f5"
108,75e,Atria,Second heart field,Splanchnic mesoderm,Lateral plate mesoderm,Mesoderm,"E8.5, E9.0, E9.5, E10.0",3413,"Actc1, Myl7, Ttn, Myl4, Acta2, Tnnt2, Myh6, Slc8a1, Ryr2, Tnnc1","Angpt1, Vsnl1, Kcnq3, Nr2f2, Itga6, Myh6, Fbxo32, Trabd2b, Rgs6, Sfrp1"
109,75f,Inflow tract,Second heart field,Splanchnic mesoderm,Lateral plate mesoderm,Mesoderm,"E9.0, E9.5, E10.0",5319,"Erbb4, Myl4, Ryr2, Slc8a1, Acta2, Myl7, Actc1, Tnni1, Zfpm2, Igfbp5","Ptn, Tenm3, Nfia, Plcb1, Mir99ahg, Unc5c, Shox2, Flrt2, Foxp2, Robo2"
110,74,Juxtacardiac field,Juxtacardiac field,Splanchnic mesoderm,Lateral plate mesoderm,Mesoderm,"E8.0, E8.5, E9.0, E9.5, E10.0",4225,"Twist1, Kcnq5, Ppp2r2b, Tpm1, Rbms3, Arhgap6, Ccbe1, Mest, Dlk1, Tmem108","Fras1, Mab21l2, Ccbe1, Tmsb4x, Kcnh7, Ppp2r2b, Tagln, Tpm1, Arhgap6, Tmem108"
111,76,Forelimb field,Forelimb field,Intermediate and somatic mesoderm,Lateral plate mesoderm,Mesoderm,"E9.5, E10.0",44643,"Prrx1, Mecom, Twist1, Gpc5, Sema3a, Lix1, Gpc3, Asb4, Lhx9, Cped1","Asb4, Lhx9, Sema3a, Lix1, Lhx2, Hoxd9, Gpc5, Tbx5, Hoxa9, Gli3"
112,77,Hindlimb field,Hindlimb field,Intermediate and somatic mesoderm,Lateral plate mesoderm,Mesoderm,"E9.5, E10.0",13444,"Twist1, Prrx1, Pitx1, Tshz2, Tmem132c, Mecom, Dlk1, Cped1, Gpc6, Klf12","Pitx1, Hoxd11, Tshz2, Tbx4, Hoxa10, Pcdh7, Greb1l, Tril, Bach2, Hoxc10"
113,78a,Somatic mesoderm,Somatic mesoderm,Intermediate and somatic mesoderm,Lateral plate mesoderm,Mesoderm,"E8.5, E9.0, E10.0",20318,"Twist1, Dlk1, Mest, Prrx1, Peg3, Gpc3, Prrx2, Kcnh7, Lef1, Bnc2","Kcnh7, Twist1, Crabp2, Mest, Plxna4, Dlk1, Ptn, Itga9, Lix1, Gas1"
114,78b,Somatic mesoderm (anterior),Somatic mesoderm,Intermediate and somatic mesoderm,Lateral plate mesoderm,Mesoderm,"E8.5, E9.0, E9.5, E10.0",25588,"Ptn, Dlk1, Sema3a, Twist1, Sfrp1, Col3a1, Gpc3, Kcnq5, Meis2, Alcam","Ptn, Pbx1, Sema3a, Crabp2, Mir99ahg, Zfhx4, Gm56620, Nr2f1, Meis2, Vcan"
115,78c,Somatic mesoderm (tailbud),Somatic mesoderm,Intermediate and somatic mesoderm,Lateral plate mesoderm,Mesoderm,"E9.0, E9.5, E10.0",5895,"Robo2, Prrx1, Twist1, Hoxd11, Tmem132c, Kif26b, Col23a1, Hoxa10, Ebf2, Hoxc10","Robo2, Ebf2, Hoxd11, Cadm1, Kif26b, Greb1l, 2610307P16Rik, Col23a1, Hoxc10, Sulf1"
116,78d,Somatic mesoderm (posterior),Somatic mesoderm,Intermediate and somatic mesoderm,Lateral plate mesoderm,Mesoderm,"E9.0, E9.5, E10.0",79645,"Dlk1, Twist1, Pitx1, Peg3, Col3a1, Unc5c, Gpc6, Bnc2, Mest, Prrx1","Pitx1, Sox6, Ppp2r2b, Pmp22, Unc5c, Mpped2, Hpse2, Bnc2, Ccser1, Postn"
117,79,Mesothelium,Mesothelium,Splanchnic mesoderm,Lateral plate mesoderm,Mesoderm,"E9.5, E10.0",506,"Aldh1a2, Epha7, Dlk1, Gpc3, Bnc2, Rbms3, Peg3, Arg1, Dpf3, Adgrl3","Aldh1a2, Dach2, Dpf3, Adgrl3, Epha7, Upk3b, Arg1, Rbms3, Hapln1, Tmem108"
118,80a,Splanchnic mesoderm,Splanchnic mesoderm,Splanchnic mesoderm,Lateral plate mesoderm,Mesoderm,"E8.5, E9.0, E10.0",21839,"Foxf1, Ifitm1, Peg3, Cdx4, Csrp2, Robo2, Hoxaas3, Phlda2, Hoxc8, Hand1","Foxf1, Dsp, Tmem158, Hoxc8, Pitx1, Krt18, Hsd11b2, Hoxa9, Vim, Greb1"
119,80b,Splanchnic mesoderm (cardiopulmonary),Splanchnic mesoderm,Splanchnic mesoderm,Lateral plate mesoderm,Mesoderm,"E8.5, E9.0, E9.5, E10.0",10176,"Foxp2, Kcnq5, Foxf1, Unc5c, D030025E07Rik, Slit3, Osr1, Cdh11, Gpc3, Bnc2","Unc5c, Tbx5, Kcnq5, D030025E07Rik, Sparcl1, Slit3, Ryr2, Tafa1, Pde4d, Prrx2"
120,80c,Splanchnic mesoderm (gastric),Splanchnic mesoderm,Splanchnic mesoderm,Lateral plate mesoderm,Mesoderm,"E9.5, E10.0",6254,"Barx1, Foxp2, Tshz2, Ccnd2, Foxf1, Bmpr1b, Bnc2, Dach2, Pdgfra, Gpc3","Barx1, Ccnd2, Isl1, Sorbs2, Bmpr1b, Dach2, ENSMUSG00000133633, Cadm1, Pdgfra, Pde5a"
121,80d,Splanchnic mesoderm (intestinal),Splanchnic mesoderm,Splanchnic mesoderm,Lateral plate mesoderm,Mesoderm,"E9.5, E10.0, E8.5",15739,"Tshz2, Bnc2, Col3a1, Runx1t1, Dlk1, Col23a1, Foxf1, Peg3, Hsd11b2, Hand1","Hand1, Kif26b, Dsp, Col23a1, Nrp2, Pmp22, Mab21l2, Ccser1, Ebf1, Dlk1"
122,80e,Splanchnic mesoderm (septum transversum),Splanchnic mesoderm,Splanchnic mesoderm,Lateral plate mesoderm,Mesoderm,"E8.5, E9.0, E9.5, E10.0",6642,"Zfpm2, Alcam, Dlk1, Plagl1, Robo2, Asb4, Gata4, Gata6, Itm2a, Ptn","Plagl1, Tgfbr3, Robo2, Alcam, Adam12, Ghr, Dlk1, Itm2a, Zfpm2, Hmcn1"
123,81,Anterior mesoderm,Anterior mesoderm,Early,Mesoderm,Mesoderm,"E8.0, E8.5, E9.0",2379,"Twist1, Ebf1, Colec12, Prrx2, Col23a1, Ebf2, Cdh11, Fst, Pgk1, Fzd2","Ebf1, Ebf2, Nnat, Colec12, Fst, Tbx1, Col26a1, Ank3, Ror1, Kdr"
124,82,Nascent mesoderm,Nascent mesoderm,Early,Mesoderm,Mesoderm,"E7.5, E8.0",745,"Phlda2, Lefty2, Pou5f1, Mesp1, Emb, Lef1, Ifitm1, Pcdh19, Tenm4, Dll3","Lefty2, Phlda2, Mesp1, Twist1, Rasgrp3, Tenm4, Pcdh19, Col23a1, Dusp9, Dll3"
125,83,Arterial endothelial cell,Arterial endothelial cell,Blood and endothelial,Mesoderm,Mesoderm,"E8.5, E9.0, E9.5, E10.0",2204,"Ramp2, Ptprm, Calcrl, Cdh5, Flt1, Plvap, Mecom, Emcn, Sparc, Gja4","Gja4, Mecom, Vegfc, Gja5, Sat1, Igfbp3, Calcrl, Efnb2, Tmem100, Nrp1"
126,84,Endocardial cell,Endocardial cell,Blood and endothelial,Lateral plate mesoderm,Mesoderm,"E8.5, E9.0, E9.5, E10.0",3695,"Hapln1, Ramp2, Ptprm, Fn1, Vim, Igf2r, Tagln2, Nfia, Calcrl, Nfib","Pdlim3, Cdkn1c, Igf2r, Kcnq5, Tbx20, Gata4, Nfia, Tmem108, Mical2, Nrxn3"
127,85,Endothelial progenitor,Endothelial progenitor,Blood and endothelial,Mesoderm,Mesoderm,"E8.0, E8.5, E9.0, E9.5, E10.0",9380,"Hapln1, Kdr, Egfl7, Fli1, Lmo2, Ramp2, Igfbp4, Ptprm, Rhoj, Vav3","Etv2, Thsd4, Gadd45g, Cd24a, Colec12, Gpc3, Gpc6, Lmo2, Nrp2, Sorcs2"
128,86,Hematoendothelial progenitor,Hematoendothelial progenitor,Blood and endothelial,Mesoderm,Mesoderm,"E7.5, E8.0",300,"Lmo2, Fgf3, Rspo3, Runx1, Reln, Car2, Tal1, Fli1, Gata2, Phlda2","Reln, Runx1, Lmo2, Fgf3, Unc5c, Kcnq5, Cited2, Phlda1, Tal1, Ccnd2"
129,87,Notochord,Notochord,Endoderm and notochord,Mesoderm,Mesoderm,"E7.5, E8.0, E8.5, E9.0, E9.5, E10.0",3730,"T, Slit2, Shh, Alcam, Cobl, Nav3, Etl4, Cthrc1, Pde4d, Samd3","T, Slit2, Alcam, Nav3, Cthrc1, Cobl, Shh, Vim, Lmx1a, Samd3"
130,88,Pharyngeal mesoderm,Pharyngeal mesoderm,Splanchnic mesoderm,Paraxial mesoderm,Mesoderm,"E8.5, E9.0, E9.5, E10.0",17528,"Tshz2, Cdh11, Ebf1, Prkg1, Grid2, Nnat, Col26a1, Eya1, Tbx1, Gng11","Grid2, Tshz2, Tbx1, Eya4, Igfbp5, Gm266, Gng11, Celf2, Gfra1, Gm56620"
131,89,Dermomyotome,Dermomyotome,Paraxial mesoderm,Paraxial mesoderm,Mesoderm,"E8.5, E9.0, E9.5, E10.0",92662,"Meox1, Tcf15, Pax3, Ntn1, Plch1, Gas1, Fbn2, Mest, Rps6ka3, Dlk1","Plch1, Rps6ka3, Dmrt2, Sema3a, Gas1, Igfbp5, Pax3, Foxp2, Cdon, Sdk1"
132,90,Head paraxial mesoderm,Head paraxial mesoderm,Paraxial mesoderm,Paraxial mesoderm,Mesoderm,"E8.5, E9.0, E9.5, E10.0",67945,"Col3a1, Cdh11, Twist1, Col23a1, Cped1, Ebf1, Colec12, Vcan, Foxd1, Tmem132c","Ctnna2, Alcam, Ptn, Unc5c, Flrt2, Ebf1, Col23a1, Limch1, Ror1, Sfrp1"
133,91,Hypaxial myogenic progenitor,Hypaxial myogenic progenitor,Paraxial mesoderm,Paraxial mesoderm,Mesoderm,"E9.0, E9.5, E10.0",8458,"Pax3, Ptn, Eya1, Lbx1, Mest, Hs6st3, Id2, Nav3, Asb4, Mir99ahg","Pax3, Hs6st3, Lbx1, Nav3, Id2, Inpp4b, Eya1, Met, Abr, Tmsb4x"
134,92,Myotome,Myotome,Paraxial mesoderm,Paraxial mesoderm,Mesoderm,"E8.5, E9.0, E9.5, E10.0",5029,"Cdkn1c, Ttn, Itm2a, Myog, Clstn2, Actc1, Ncam1, Tpm1, Nes, Slc24a3","Ncam1, Myog, Clstn2, Cdkn1a, Nes, Efna5, Cadm1, Lrrn1, Itm2a, Pde4d"
135,93,Nascent somite,Nascent somite,Paraxial mesoderm,Paraxial mesoderm,Mesoderm,"E8.0, E8.5, E9.0, E9.5, E10.0",14575,"Meox1, Kif26b, Tcf15, Lef1, Ifitm1, Smoc1, Pcdh19, Greb1l, Pcsk5, Tenm4","Meox1, Tcf15, Foxc2, Notch1, Ebf1, Kif26b, Pcdh8, Fgf18, Ntn1, Pcsk5"
136,94,Periocular mesoderm,Periocular mesoderm,Paraxial mesoderm,Paraxial mesoderm,Mesoderm,"E8.5, E9.0, E9.5, E10.0",3950,"Hpse2, Cdh11, Pitx2, Nnat, Robo2, Cped1, Col3a1, Foxp2, Colec12, Chsy3","Hpse2, Pitx2, Lmx1a, Robo2, Chsy3, Eya2, Dach1, Vegfc, Grik2, Slit2"
137,95,Presomitic mesoderm,Presomitic mesoderm,Paraxial mesoderm,Paraxial mesoderm,Mesoderm,"E7.5, E8.0, E8.5, E9.0, E9.5, E10.0",29011,"Rspo3, 9530020I12Rik, Hoxaas3, Ifitm1, Lef1, Cited1, Kif26b, Dll3, Greb1l, Limch1","9530020I12Rik, Rspo3, Btg2, Smc6, Cited1, Tpm1, Dll3, Plxna2, Lmo2, Hoxaas3"
138,96,Sclerotome,Sclerotome,Paraxial mesoderm,Paraxial mesoderm,Mesoderm,"E8.5, E9.0, E9.5, E10.0",129101,"Twist1, Col3a1, Cdh11, Foxd1, Meox1, Mest, Fbn2, Arg1, Foxp2, Fbxl7","Arg1, Foxd1, Dlk1, Col3a1, Pax1, Sncaip, Rnf220, Nrg1, Sema5a, Cxcl12"
139,97,Primordial germ cell,Primordial germ cell,Extraembryonic and PGC,Primordial germ cell,Primordial germ cell,"E7.5, E8.0, E8.5, E9.0, E9.5, E10.0",638,"Dppa3, Ifitm3, Pou5f1, Ifitm1, Phlda2, Tfap2c, Prdm1, L1td1, Dnd1, Alg13","Dppa3, Ifitm3, Ifitm1, Ttc28, Prdm1, Mast4, Zbtb20, Klf2, Kit, Thsd4"
