cell_type,stage,germ_layer,3,4,5,9,12,14,15,16,17,19,20,21,23,25,26,27,28,30,33,35,37,38,39,41,45,47,48,49,50,54,56,57,59,60,66,67
Amniotic ectoderm,E8.5,Ectoderm,0.0,0.0,0.0,0.0,0.0,0.0,0.0,0.0,0.0,0.40793466239495657,0.5484960846484453,0.0,0.0,0.0,0.0,0.0,0.0,0.0,0.0,0.3180487809063949,0.3179546697300402,0.0,0.0,0.0,0.0,0.0,0.0,0.0,0.0,0.0,0.43106511330151287,0.0,0.0,0.0,0.0,0.0
Amniotic ectoderm,E9.0,Ectoderm,0.0,0.33370486773809127,0.0,0.0,0.0,0.0,0.5809203460770697,0.0,0.0,0.4240927192045644,0.6415127091756072,0.0,0.0,0.0,0.0,0.0,0.0,0.0,0.0,0.0,0.44927428009599263,0.0,0.0,0.0,0.0,0.0,0.0,0.0,0.0,0.0,0.46084677651936024,0.0,0.0,0.0,0.0,0.0
Amniotic ectoderm,E9.5,Ectoderm,0.0,0.4128359831520757,0.0,0.0,0.0,0.0,0.6502707549589447,0.0,0.0,0.471438431422831,0.5804638442963307,0.0,0.0,0.0,0.0,0.0,0.0,0.0,0.0,0.0,0.4576964844304272,0.0,0.0,0.0,0.0,0.0,0.0,0.0,0.0,0.0,0.397158010961155,0.0,0.0,0.0,0.0,0.0
Autonomic neuron,E9.5,Ectoderm,0.0,0.0,0.0,0.0,0.0,0.0,0.0,0.0,0.0,0.0,0.0,0.0,0.0,0.0,0.0,0.0,0.0,0.0,0.5517382429368057,0.0,0.0,0.0,0.0,0.0,0.0,0.0,0.0,0.0,0.0,0.3180777684767622,0.0,0.0,0.0,0.0,0.0,0.3559685906792314
Autonomic progenitor,E9.5,Ectoderm,0.0,0.0,0.0,0.0,0.0,0.0,0.0,0.0,0.0,0.0,0.0,0.0,0.0,0.0,0.0,0.0,0.0,0.0,0.5339729947596942,0.0,0.0,0.0,0.0,0.0,0.0,0.0,0.0,0.0,0.0,0.0,0.0,0.0,0.0,0.0,0.0,0.34356310412406255
Cranial motor neuron,E9.0,Ectoderm,0.0,0.0,0.0,0.0,0.0,0.0,0.0,0.0,0.0,0.0,0.0,0.0,0.0,0.0,0.0,0.0,0.0,0.0,0.0,0.0,0.0,0.565970526750799,0.0,0.0,0.0,0.0,0.0,0.0,0.3039140828115419,0.0,0.0,0.0,0.0,0.0,0.0,0.0
Cranial motor neuron,E9.5,Ectoderm,0.0,0.0,0.0,0.0,0.0,0.0,0.0,0.0,0.0,0.0,0.0,0.0,0.0,0.0,0.4371882746707046,0.0,0.0,0.0,0.0,0.0,0.0,0.4497226832577787,0.0,0.0,0.3115586014762944,0.0,0.0,0.0,0.0,0.0,0.0,0.0,0.3883598696933546,0.0,0.0,0.0
Cranial neural crest,E8.5,Ectoderm,0.0,0.0,0.0,0.0,0.0,0.0,0.0,0.0,0.0,0.0,0.0,0.0,0.0,0.0,0.0,0.0,0.0,0.0,0.31620776619347857,0.0,0.0,0.0,0.0,0.0,0.0,0.0,0.0,0.0,0.0,0.3495079674447769,0.0,0.0,0.0,0.0,0.0,0.3316423101956526
Cranial neural crest,E9.0,Ectoderm,0.0,0.0,0.0,0.0,0.30282785808223317,0.0,0.0,0.0,0.0,0.0,0.0,0.0,0.0,0.0,0.0,0.0,0.0,0.0,0.3533893449133139,0.0,0.0,0.0,0.0,0.0,0.0,0.0,0.0,0.0,0.0,0.3711161439273785,0.0,0.0,0.0,0.0,0.0,0.4754808643726843
Cranial neural crest,E9.5,Ectoderm,0.0,0.0,0.0,0.0,0.0,0.0,0.0,0.0,0.0,0.0,0.0,0.0,0.0,0.0,0.0,0.0,0.0,0.0,0.4222177325341434,0.0,0.0,0.0,0.0,0.0,0.0,0.0,0.0,0.0,0.0,0.31980026315801546,0.0,0.0,0.0,0.0,0.0,0.3251337437321672
Diencephalon,E8.5,Ectoderm,0.0,0.0,0.0,0.0,0.0,0.0,0.0,0.0,0.0,0.0,0.0,0.0,0.0,0.0,0.0,0.0,0.0,0.0,0.0,0.0,0.0,0.0,0.0,0.0,0.0,0.0,0.0,0.0,0.0,0.0,0.0,0.0,0.0,0.0,0.0,0.0
Diencephalon,E9.0,Ectoderm,0.0,0.0,0.0,0.0,0.0,0.0,0.0,0.0,0.5002260663927725,0.0,0.0,0.0,0.0,0.0,0.0,0.0,0.0,0.0,0.0,0.0,0.0,0.0,0.0,0.0,0.0,0.0,0.0,0.0,0.0,0.0,0.0,0.0,0.0,0.0,0.0,0.0
Diencephalon,E9.5,Ectoderm,0.0,0.0,0.0,0.0,0.0,0.0,0.0,0.0,0.484513967568195,0.0,0.0,0.0,0.0,0.0,0.0,0.0,0.0,0.0,0.0,0.0,0.0,0.0,0.0,0.0,0.0,0.0,0.0,0.0,0.0,0.0,0.0,0.0,0.0,0.0,0.0,0.0
Dorsal root ganglion neuron,E9.5,Ectoderm,0.0,0.0,0.0,0.0,0.0,0.0,0.0,0.0,0.0,0.0,0.0,0.0,0.0,0.0,0.35570582905007403,0.0,0.0,0.0,0.3547075248413948,0.0,0.0,0.0,0.0,0.0,0.0,0.0,0.0,0.0,0.0,0.0,0.0,0.0,0.0,0.0,0.0,0.0
Dorsal root ganglion progenitor,E9.5,Ectoderm,0.0,0.0,0.3652793498797649,0.0,0.0,0.0,0.0,0.0,0.0,0.0,0.0,0.0,0.0,0.0,0.0,0.0,0.0,0.0,0.36292402751818387,0.0,0.0,0.0,0.0,0.0,0.0,0.0,0.0,0.0,0.0,0.0,0.0,0.0,0.0,0.0,0.0,0.0
Epibranchial placode,E8.5,Ectoderm,0.0,0.0,0.0,0.0,0.0,0.0,0.0,0.0,0.0,0.0,0.3530180714687176,0.0,0.0,0.0,0.0,0.0,0.0,0.0,0.0,0.0,0.0,0.0,0.0,0.0,0.0,0.0,0.0,0.0,0.0,0.0,0.329726434920038,0.0,0.0,0.0,0.0,0.0
Epibranchial placode,E9.0,Ectoderm,0.0,0.0,0.0,0.0,0.0,0.0,0.0,0.0,0.0,0.0,0.32140426315350284,0.0,0.0,0.0,0.0,0.0,0.0,0.0,0.0,0.0,0.0,0.0,0.0,0.0,0.0,0.0,0.0,0.0,0.0,0.0,0.0,0.0,0.0,0.0,0.0,0.0
Epibranchial placode,E9.5,Ectoderm,0.0,0.32326610924678706,0.0,0.0,0.0,0.0,0.0,0.0,0.0,0.0,0.35049971090602794,0.0,0.0,0.0,0.0,0.0,0.0,0.0,0.0,0.0,0.0,0.0,0.0,0.0,0.0,0.0,0.0,0.0,0.0,0.0,0.0,0.0,0.0,0.0,0.0,0.0
Epibranchial sensory neuron,E9.0,Ectoderm,0.0,0.0,0.0,0.0,0.0,0.0,0.0,0.0,0.0,0.0,0.0,0.0,0.38574053591175106,0.0,0.0,0.0,0.0,0.0,0.0,0.0,0.0,0.0,0.0,0.0,0.0,0.0,0.0,0.0,0.0,0.0,0.0,0.0,0.0,0.3495324916549879,0.0,0.0
Epibranchial sensory neuron,E9.5,Ectoderm,0.0,0.0,0.0,0.0,0.0,0.0,0.0,0.0,0.0,0.0,0.0,0.0,0.37239016473780295,0.0,0.0,0.0,0.0,0.0,0.0,0.0,0.0,0.0,0.0,0.0,0.0,0.0,0.0,0.0,0.0,0.0,0.0,0.0,0.0,0.46958783038035073,0.0,0.0
Epidermal progenitor,E8.5,Ectoderm,0.0,0.31701846418566937,0.5061011261550963,0.0,0.0,0.0,0.0,0.38487547354214424,0.0,0.0,0.0,0.0,0.0,0.0,0.0,0.0,0.0,0.0,0.0,0.0,0.0,0.0,0.0,0.0,0.0,0.3648723912380646,0.0,0.0,0.0,0.0,0.34110024298825603,0.0,0.0,0.0,0.0,0.0
Epidermal progenitor,E9.0,Ectoderm,0.0,0.593762573551446,0.3037220487355124,0.0,0.0,0.0,0.3789140642009302,0.0,0.0,0.0,0.3619014279501946,0.0,0.0,0.0,0.0,0.0,0.0,0.0,0.0,0.0,0.0,0.0,0.0,0.34921217190919823,0.0,0.0,0.0,0.0,0.0,0.0,0.505434030195288,0.0,0.0,0.0,0.0,0.0
Epidermal progenitor,E9.5,Ectoderm,0.0,0.6153070051300047,0.0,0.0,0.0,0.0,0.38709832791892174,0.0,0.0,0.0,0.3291026097150237,0.0,0.0,0.0,0.0,0.0,0.0,0.0,0.0,0.0,0.0,0.0,0.0,0.3762281615682505,0.0,0.0,0.0,0.0,0.0,0.0,0.37914031929894226,0.0,0.0,0.0,0.0,0.0
Eye field,E8.5,Ectoderm,0.0,0.0,0.0,0.0,0.0,0.35011408421866985,0.0,0.0,0.0,0.0,0.0,0.0,0.0,0.0,0.0,0.0,0.0,0.0,0.0,0.0,0.0,0.0,0.0,0.0,0.0,0.0,0.0,0.0,0.0,0.0,0.0,0.0,0.0,0.0,0.0,0.0
Eye field,E9.0,Ectoderm,0.0,0.0,0.0,0.0,0.0,0.6376596781105214,0.0,0.0,0.0,0.0,0.0,0.0,0.0,0.0,0.0,0.0,0.0,0.0,0.0,0.0,0.0,0.0,0.0,0.0,0.0,0.0,0.0,0.0,0.0,0.0,0.0,0.0,0.0,0.0,0.0,0.0
Eye field,E9.5,Ectoderm,0.0,0.0,0.0,0.0,0.0,0.6036058821819137,0.0,0.0,0.0,0.0,0.0,0.0,0.0,0.0,0.0,0.0,0.0,0.0,0.0,0.0,0.0,0.0,0.0,0.0,0.0,0.0,0.0,0.0,0.0,0.0,0.0,0.0,0.0,0.0,0.0,0.0
Floor plate,E8.5,Ectoderm,0.0,0.0,0.0,0.0,0.0,0.0,0.0,0.0,0.0,0.0,0.0,0.0,0.0,0.3894460871772694,0.0,0.0,0.0,0.0,0.0,0.0,0.0,0.528529494102694,0.0,0.0,0.0,0.0,0.0,0.0,0.0,0.0,0.0,0.0,0.0,0.0,0.0,0.0
Floor plate,E9.0,Ectoderm,0.0,0.0,0.0,0.0,0.0,0.0,0.0,0.0,0.0,0.0,0.0,0.0,0.0,0.0,0.0,0.0,0.0,0.0,0.0,0.0,0.0,0.5118284806070753,0.0,0.0,0.0,0.0,0.0,0.0,0.0,0.0,0.0,0.0,0.0,0.0,0.0,0.0
Floor plate,E9.5,Ectoderm,0.0,0.0,0.0,0.0,0.0,0.0,0.0,0.0,0.0,0.0,0.0,0.0,0.0,0.0,0.0,0.0,0.0,0.0,0.0,0.0,0.0,0.4225125592481029,0.0,0.0,0.3095451294909914,0.0,0.0,0.0,0.0,0.0,0.0,0.0,0.0,0.0,0.0,0.0
Frontonasal mesenchyme,E9.0,Ectoderm,0.0,0.0,0.0,0.0,0.5702856583856405,0.0,0.0,0.0,0.0,0.0,0.0,0.0,0.31948021029856377,0.0,0.0,0.0,0.0,0.0,0.0,0.0,0.0,0.0,0.39101314526047504,0.0,0.0,0.0,0.0,0.0,0.0,0.49833503714201977,0.0,0.0,0.0,0.0,0.0,0.43856801201565687
Frontonasal mesenchyme,E9.5,Ectoderm,0.0,0.0,0.0,0.0,0.6425269705511404,0.0,0.0,0.0,0.0,0.3780485119293435,0.0,0.3922692169786062,0.38311293416477277,0.0,0.0,0.0,0.0,0.0,0.0,0.0,0.0,0.0,0.5464174722629976,0.0,0.0,0.0,0.0,0.0,0.0,0.48841234937361633,0.0,0.0,0.0,0.0,0.0,0.0
Hindbrain (isthmic organizer),E8.5,Ectoderm,0.0,0.0,0.0,0.0,0.0,0.0,0.0,0.0,0.0,0.0,0.0,0.0,0.0,0.0,0.0,0.0,0.0,0.0,0.0,0.0,0.0,0.0,0.0,0.0,0.0,0.0,0.0,0.0,0.0,0.0,0.0,0.0,0.0,0.0,0.0,0.0
Hindbrain (isthmic organizer),E9.0,Ectoderm,0.0,0.0,0.0,0.44643832875074463,0.0,0.0,0.0,0.0,0.3448578467031354,0.0,0.0,0.0,0.0,0.0,0.0,0.0,0.0,0.0,0.0,0.0,0.0,0.0,0.0,0.0,0.0,0.0,0.0,0.0,0.0,0.0,0.0,0.0,0.0,0.0,0.0,0.0
Hindbrain (isthmic organizer),E9.5,Ectoderm,0.0,0.0,0.0,0.5971534037430144,0.0,0.0,0.0,0.0,0.32419361298999255,0.0,0.0,0.0,0.0,0.0,0.0,0.0,0.0,0.0,0.0,0.0,0.0,0.0,0.0,0.0,0.0,0.0,0.0,0.0,0.0,0.0,0.0,0.0,0.0,0.0,0.0,0.0
Hindbrain (r1),E8.5,Ectoderm,0.0,0.0,0.0,0.0,0.0,0.0,0.0,0.0,0.0,0.0,0.0,0.0,0.0,0.0,0.0,0.0,0.0,0.0,0.0,0.0,0.0,0.0,0.0,0.0,0.0,0.0,0.0,0.0,0.0,0.0,0.0,0.0,0.0,0.0,0.0,0.0
Hindbrain (r1),E9.0,Ectoderm,0.0,0.0,0.0,0.0,0.0,0.0,0.0,0.0,0.0,0.0,0.0,0.0,0.0,0.0,0.0,0.0,0.0,0.0,0.0,0.0,0.0,0.0,0.0,0.0,0.0,0.0,0.0,0.0,0.0,0.0,0.0,0.0,0.3787677685432009,0.0,0.0,0.0
Hindbrain (r1),E9.5,Ectoderm,0.0,0.0,0.0,0.0,0.0,0.0,0.0,0.0,0.0,0.0,0.0,0.0,0.0,0.0,0.0,0.0,0.0,0.0,0.0,0.0,0.0,0.0,0.0,0.0,0.0,0.0,0.0,0.0,0.0,0.0,0.0,0.0,0.45692540507075763,0.0,0.0,0.0
Hindbrain (r2-r4),E8.5,Ectoderm,0.0,0.0,0.0,0.0,0.0,0.0,0.0,0.0,0.0,0.0,0.0,0.0,0.0,0.0,0.0,0.0,0.0,0.0,0.0,0.0,0.0,0.0,0.0,0.0,0.0,0.0,0.0,0.0,0.0,0.0,0.0,0.0,0.0,0.0,0.0,0.0
Hindbrain (r2-r4),E9.0,Ectoderm,0.0,0.0,0.0,0.0,0.0,0.0,0.0,0.0,0.0,0.0,0.0,0.0,0.0,0.0,0.0,0.0,0.0,0.0,0.0,0.0,0.0,0.3253052394843214,0.0,0.0,0.0,0.0,0.0,0.0,0.37100590706602415,0.0,0.0,0.0,0.0,0.0,0.0,0.0
Hindbrain (r2-r4),E9.5,Ectoderm,0.0,0.0,0.0,0.0,0.0,0.0,0.0,0.0,0.0,0.0,0.0,0.0,0.0,0.0,0.0,0.0,0.0,0.0,0.0,0.0,0.0,0.0,0.0,0.0,0.33571116111423815,0.0,0.0,0.0,0.37074069643913354,0.0,0.0,0.0,0.3579375308484765,0.0,0.0,0.0
Hindbrain (r5-r8),E8.5,Ectoderm,0.0,0.0,0.0,0.0,0.0,0.0,0.0,0.0,0.0,0.0,0.0,0.0,0.0,0.0,0.0,0.0,0.0,0.0,0.0,0.0,0.0,0.0,0.0,0.0,0.0,0.0,0.3739658540894477,0.0,0.0,0.0,0.0,0.0,0.0,0.0,0.0,0.0
Hindbrain (r5-r8),E9.0,Ectoderm,0.0,0.0,0.0,0.0,0.0,0.0,0.0,0.0,0.0,0.0,0.0,0.0,0.0,0.0,0.0,0.0,0.0,0.0,0.0,0.0,0.0,0.0,0.0,0.0,0.0,0.0,0.33758807036264593,0.0,0.39899620235773103,0.0,0.0,0.0,0.0,0.0,0.0,0.0
Hindbrain (r5-r8),E9.5,Ectoderm,0.0,0.0,0.0,0.0,0.0,0.0,0.0,0.0,0.0,0.0,0.0,0.0,0.0,0.0,0.32151687071830976,0.0,0.0,0.3438845987638205,0.0,0.0,0.0,0.0,0.0,0.0,0.327315442370298,0.0,0.0,0.0,0.426258425026418,0.0,0.0,0.0,0.0,0.0,0.0,0.0
Hypothalamic neuron,E9.5,Ectoderm,0.0,0.0,0.0,0.0,0.0,0.0,0.0,0.0,0.48999568750890815,0.0,0.0,0.0,0.0,0.0,0.3022496215943908,0.0,0.0,0.0,0.0,0.0,0.0,0.0,0.0,0.0,0.30485531722796105,0.0,0.0,0.0,0.0,0.0,0.0,0.0,0.0,0.0,0.0,0.0
Hypothalamus,E8.5,Ectoderm,0.0,0.0,0.0,0.0,0.0,0.0,0.0,0.0,0.0,0.0,0.0,0.0,0.0,0.0,0.0,0.0,0.0,0.0,0.0,0.0,0.0,0.38718701265262373,0.0,0.0,0.0,0.0,0.0,0.0,0.0,0.0,0.0,0.0,0.0,0.0,0.0,0.0
Hypothalamus,E9.0,Ectoderm,0.0,0.0,0.0,0.0,0.0,0.4464785936445379,0.0,0.0,0.3366890238161999,0.0,0.0,0.0,0.0,0.0,0.0,0.0,0.0,0.0,0.0,0.0,0.0,0.34599419260208825,0.0,0.0,0.0,0.0,0.0,0.0,0.0,0.0,0.0,0.0,0.0,0.0,0.3079287128537957,0.0
Hypothalamus,E9.5,Ectoderm,0.0,0.0,0.0,0.0,0.0,0.0,0.0,0.0,0.3436329240029628,0.0,0.0,0.0,0.0,0.0,0.0,0.0,0.0,0.0,0.0,0.0,0.0,0.0,0.0,0.0,0.0,0.0,0.0,0.0,0.0,0.0,0.0,0.0,0.0,0.0,0.47924322655562684,0.0
Lens placode,E9.5,Ectoderm,0.0,0.3206898145899093,0.0,0.0,0.0,0.0,0.0,0.0,0.0,0.0,0.0,0.0,0.0,0.0,0.0,0.0,0.0,0.0,0.0,0.0,0.0,0.0,0.0,0.0,0.0,0.0,0.0,0.0,0.0,0.0,0.0,0.0,0.0,0.0,0.0,0.0
Midbrain,E8.5,Ectoderm,0.0,0.0,0.0,0.0,0.0,0.0,0.0,0.0,0.3368721369077279,0.0,0.0,0.0,0.0,0.0,0.0,0.0,0.0,0.0,0.0,0.0,0.0,0.0,0.0,0.0,0.0,0.0,0.0,0.0,0.0,0.0,0.0,0.0,0.0,0.0,0.0,0.0
Midbrain,E9.0,Ectoderm,0.0,0.0,0.0,0.0,0.0,0.0,0.0,0.0,0.566417977139345,0.0,0.0,0.0,0.0,0.0,0.0,0.0,0.0,0.0,0.0,0.0,0.0,0.0,0.0,0.0,0.0,0.0,0.0,0.0,0.0,0.0,0.0,0.0,0.0,0.0,0.0,0.0
Midbrain,E9.5,Ectoderm,0.0,0.0,0.0,0.0,0.0,0.0,0.0,0.0,0.6028571669159388,0.0,0.0,0.0,0.0,0.0,0.0,0.0,0.0,0.0,0.0,0.0,0.0,0.0,0.0,0.0,0.0,0.0,0.0,0.0,0.0,0.0,0.0,0.0,0.0,0.0,0.0,0.0
Midbrain neuron,E9.0,Ectoderm,0.0,0.0,0.0,0.0,0.0,0.0,0.0,0.0,0.5532264554072991,0.0,0.0,0.0,0.0,0.0,0.0,0.0,0.0,0.0,0.0,0.0,0.0,0.0,0.0,0.0,0.0,0.0,0.0,0.0,0.0,0.0,0.0,0.0,0.0,0.0,0.0,0.0
Midbrain neuron,E9.5,Ectoderm,0.0,0.0,0.0,0.0,0.0,0.0,0.0,0.0,0.5141652492143004,0.0,0.0,0.0,0.0,0.0,0.0,0.0,0.0,0.0,0.0,0.0,0.0,0.0,0.0,0.0,0.0,0.0,0.0,0.0,0.0,0.0,0.0,0.0,0.3266693238045359,0.0,0.0,0.0
Olfactory placode,E8.5,Ectoderm,0.0,0.0,0.0,0.0,0.0,0.3391483169672323,0.0,0.0,0.0,0.0,0.0,0.0,0.0,0.0,0.0,0.0,0.0,0.0,0.0,0.0,0.0,0.0,0.0,0.0,0.0,0.0,0.0,0.0,0.0,0.0,0.0,0.0,0.0,0.0,0.0,0.0
Olfactory placode,E9.0,Ectoderm,0.0,0.0,0.0,0.0,0.0,0.3829972538798093,0.0,0.0,0.0,0.0,0.0,0.0,0.0,0.0,0.0,0.0,0.0,0.0,0.0,0.0,0.0,0.0,0.0,0.0,0.0,0.0,0.0,0.0,0.0,0.0,0.0,0.0,0.0,0.0,0.0,0.0
Olfactory placode,E9.5,Ectoderm,0.0,0.0,0.0,0.0,0.0,0.3133543549256652,0.0,0.0,0.0,0.0,0.0,0.0,0.0,0.0,0.0,0.0,0.0,0.0,0.0,0.0,0.0,0.0,0.0,0.0,0.0,0.0,0.0,0.0,0.0,0.0,0.0,0.0,0.0,0.0,0.0,0.0
Olfactory sensory neuron,E9.5,Ectoderm,0.0,0.0,0.0,0.0,0.0,0.41807217896718835,0.0,0.0,0.0,0.31300901402694237,0.0,0.0,0.3262987985070995,0.0,0.0,0.3403710247055752,0.0,0.0,0.0,0.0,0.0,0.0,0.0,0.0,0.0,0.0,0.0,0.0,0.0,0.0,0.0,0.0,0.0,0.0,0.0,0.0
Otic placode,E8.5,Ectoderm,0.0,0.0,0.0,0.0,0.0,0.0,0.0,0.0,0.0,0.0,0.0,0.0,0.0,0.0,0.0,0.0,0.0,0.0,0.0,0.0,0.0,0.0,0.0,0.0,0.0,0.0,0.0,0.0,0.0,0.0,0.30584018076036523,0.0,0.0,0.0,0.0,0.0
Otic placode,E9.0,Ectoderm,0.0,0.0,0.0,0.0,0.0,0.0,0.0,0.0,0.0,0.0,0.0,0.0,0.0,0.0,0.0,0.0,0.0,0.0,0.0,0.0,0.0,0.0,0.0,0.0,0.0,0.0,0.0,0.0,0.0,0.0,0.0,0.0,0.0,0.0,0.0,0.0
Otic placode,E9.5,Ectoderm,0.0,0.0,0.0,0.0,0.0,0.0,0.0,0.0,0.0,0.0,0.0,0.0,0.0,0.0,0.0,0.0,0.0,0.0,0.0,0.0,0.0,0.0,0.0,0.0,0.0,0.0,0.0,0.0,0.0,0.0,0.0,0.0,0.0,0.0,0.0,0.0
Otic sensory neuron,E9.0,Ectoderm,0.0,0.0,0.0,0.0,0.0,0.0,0.0,0.0,0.0,0.0,0.0,0.0,0.3266435725066146,0.0,0.0,0.0,0.0,0.0,0.0,0.0,0.0,0.0,0.0,0.0,0.0,0.0,0.0,0.0,0.0,0.0,0.0,0.0,0.0,0.0,0.0,0.0
Otic sensory neuron,E9.5,Ectoderm,0.0,0.0,0.0,0.0,0.0,0.0,0.0,0.0,0.0,0.0,0.0,0.0,0.3806390585339066,0.0,0.0,0.0,0.0,0.0,0.0,0.0,0.0,0.0,0.0,0.0,0.0,0.0,0.0,0.0,0.0,0.0,0.0,0.0,0.0,0.31111076039761404,0.0,0.0
Pharyngeal arch mesenchyme,E9.0,Ectoderm,0.0,0.0,0.0,0.0,0.5910765824997838,0.0,0.0,0.0,0.0,0.0,0.0,0.0,0.3853479256469812,0.0,0.0,0.0,0.0,0.0,0.0,0.0,0.0,0.0,0.0,0.0,0.0,0.0,0.0,0.0,0.0,0.5351376169216545,0.0,0.0,0.0,0.0,0.0,0.631761471460755
Pharyngeal arch mesenchyme,E9.5,Ectoderm,0.0,0.0,0.0,0.0,0.6162207911011659,0.0,0.0,0.0,0.0,0.4037615672702743,0.0,0.0,0.3985141255063773,0.0,0.0,0.40484166320099274,0.0,0.0,0.0,0.0,0.0,0.0,0.0,0.0,0.0,0.0,0.0,0.0,0.0,0.4747817460302743,0.0,0.0,0.0,0.0,0.0,0.0
Pre-placodal ectoderm,E8.5,Ectoderm,0.0,0.0,0.0,0.0,0.0,0.0,0.0,0.0,0.0,0.0,0.0,0.0,0.0,0.0,0.0,0.0,0.0,0.0,0.0,0.0,0.0,0.0,0.0,0.0,0.0,0.0,0.0,0.0,0.0,0.0,0.0,0.0,0.0,0.0,0.0,0.0
Pre-placodal ectoderm,E9.0,Ectoderm,0.0,0.0,0.0,0.0,0.0,0.0,0.0,0.0,0.0,0.0,0.0,0.0,0.0,0.0,0.0,0.0,0.0,0.0,0.0,0.0,0.0,0.0,0.0,0.0,0.0,0.0,0.0,0.0,0.0,0.0,0.0,0.0,0.0,0.0,0.0,0.0
Roof plate,E8.5,Ectoderm,0.0,0.0,0.0,0.0,0.0,0.0,0.0,0.0,0.0,0.0,0.0,0.0,0.0,0.0,0.0,0.0,0.0,0.0,0.0,0.0,0.0,0.0,0.0,0.0,0.0,0.31632496506908686,0.38003118948283693,0.0,0.0,0.0,0.0,0.0,0.0,0.0,0.0,0.0
Roof plate,E9.0,Ectoderm,0.0,0.0,0.0,0.0,0.0,0.0,0.0,0.0,0.0,0.0,0.0,0.0,0.0,0.0,0.0,0.0,0.0,0.0,0.0,0.0,0.0,0.0,0.0,0.0,0.0,0.0,0.3024174528762323,0.0,0.0,0.0,0.0,0.0,0.0,0.0,0.0,0.0
Roof plate,E9.5,Ectoderm,0.0,0.0,0.0,0.0,0.0,0.0,0.0,0.0,0.0,0.0,0.0,0.0,0.0,0.0,0.0,0.0,0.0,0.349550469008762,0.0,0.0,0.0,0.0,0.0,0.0,0.0,0.0,0.0,0.0,0.0,0.0,0.0,0.0,0.3079190588084166,0.0,0.0,0.0
Sacral neural crest,E9.5,Ectoderm,0.0,0.0,0.4677727973489278,0.0,0.0,0.0,0.0,0.0,0.0,0.0,0.0,0.0,0.0,0.0,0.0,0.0,0.0,0.0,0.0,0.0,0.0,0.0,0.0,0.0,0.0,0.33996564533857226,0.0,0.0,0.0,0.0,0.0,0.0,0.0,0.0,0.0,0.0
Somatic motor neuron,E9.0,Ectoderm,0.0,0.0,0.0,0.0,0.0,0.0,0.0,0.0,0.0,0.0,0.0,0.0,0.0,0.0,0.323200712177408,0.0,0.0,0.0,0.0,0.0,0.0,0.40619027459249224,0.0,0.0,0.308889739547982,0.0,0.31525268586175853,0.0,0.317227625255088,0.0,0.0,0.30635974052781545,0.0,0.0,0.0,0.0
Somatic motor neuron,E9.5,Ectoderm,0.0,0.0,0.37866691812111253,0.0,0.0,0.0,0.0,0.0,0.0,0.0,0.0,0.0,0.0,0.0,0.5707924684614246,0.0,0.0,0.0,0.0,0.0,0.0,0.3058888350731162,0.0,0.0,0.3808271065059656,0.0,0.0,0.0,0.32366810727815737,0.0,0.0,0.43240001559110985,0.0,0.0,0.0,0.0
Spinal cord (cervical),E8.5,Ectoderm,0.0,0.0,0.0,0.0,0.0,0.0,0.0,0.0,0.0,0.0,0.0,0.0,0.0,0.0,0.0,0.0,0.0,0.0,0.0,0.0,0.0,0.0,0.0,0.0,0.0,0.3185819477555919,0.428819071739098,0.0,0.0,0.0,0.0,0.0,0.0,0.0,0.0,0.0
Spinal cord (cervical),E9.0,Ectoderm,0.0,0.0,0.0,0.0,0.0,0.0,0.0,0.0,0.0,0.0,0.0,0.0,0.0,0.0,0.0,0.0,0.0,0.0,0.0,0.0,0.0,0.0,0.0,0.0,0.0,0.0,0.4122649587024608,0.0,0.3833956997297974,0.0,0.0,0.0,0.0,0.0,0.0,0.0
Spinal cord (cervical),E9.5,Ectoderm,0.0,0.0,0.0,0.0,0.0,0.0,0.0,0.0,0.0,0.0,0.0,0.0,0.0,0.0,0.3149682821626612,0.0,0.0,0.0,0.0,0.0,0.0,0.0,0.0,0.0,0.32462969432982136,0.0,0.0,0.0,0.43684389760659625,0.0,0.0,0.0,0.0,0.0,0.0,0.0
Spinal cord (lumbar),E9.0,Ectoderm,0.0,0.0,0.6061952349831599,0.0,0.0,0.0,0.0,0.5238886939005098,0.0,0.0,0.0,0.0,0.0,0.0,0.0,0.0,0.0,0.0,0.0,0.0,0.0,0.0,0.0,0.0,0.0,0.6558717933834565,0.0,0.0,0.0,0.0,0.36731885254798,0.0,0.0,0.0,0.0,0.0
Spinal cord (lumbar),E9.5,Ectoderm,0.0,0.0,0.4382730354565254,0.0,0.0,0.0,0.0,0.0,0.0,0.0,0.0,0.0,0.0,0.0,0.0,0.0,0.0,0.0,0.0,0.0,0.0,0.0,0.0,0.0,0.0,0.39590997174968817,0.0,0.0,0.0,0.0,0.0,0.0,0.0,0.0,0.0,0.0
Spinal cord (sacral),E9.5,Ectoderm,0.6170778308543686,0.0,0.5364081570754481,0.0,0.0,0.0,0.0,0.41526648587931697,0.0,0.0,0.0,0.0,0.0,0.0,0.0,0.0,0.0,0.0,0.0,0.0,0.0,0.0,0.0,0.0,0.0,0.5988035725743298,0.0,0.0,0.0,0.0,0.370542295409181,0.0,0.0,0.0,0.0,0.0
Spinal cord (thoracic),E8.5,Ectoderm,0.0,0.0,0.4247738584859056,0.0,0.0,0.0,0.0,0.39389216272339767,0.0,0.0,0.0,0.0,0.0,0.0,0.0,0.0,0.0,0.0,0.0,0.0,0.0,0.0,0.0,0.0,0.0,0.49139942080161436,0.0,0.0,0.0,0.0,0.0,0.0,0.0,0.0,0.0,0.0
Spinal cord (thoracic),E9.0,Ectoderm,0.0,0.0,0.4518581745681442,0.0,0.0,0.0,0.0,0.0,0.0,0.0,0.0,0.0,0.0,0.0,0.0,0.0,0.0,0.0,0.0,0.0,0.0,0.0,0.0,0.0,0.0,0.3815059312704216,0.0,0.0,0.0,0.0,0.0,0.0,0.0,0.0,0.0,0.0
Spinal cord (thoracic),E9.5,Ectoderm,0.0,0.0,0.5191299768289224,0.0,0.0,0.0,0.0,0.0,0.0,0.0,0.0,0.0,0.0,0.0,0.0,0.0,0.0,0.0,0.0,0.0,0.0,0.0,0.0,0.0,0.3284695643593059,0.0,0.0,0.0,0.36365792008879705,0.0,0.0,0.0,0.0,0.0,0.0,0.0
Spinal cord interneuron,E9.0,Ectoderm,0.0,0.0,0.0,0.0,0.0,0.0,0.0,0.0,0.0,0.0,0.0,0.0,0.0,0.0,0.0,0.0,0.0,0.0,0.0,0.0,0.0,0.0,0.0,0.0,0.0,0.0,0.0,0.0,0.32625282562302993,0.0,0.0,0.0,0.0,0.0,0.0,0.0
Spinal cord interneuron,E9.5,Ectoderm,0.0,0.0,0.0,0.0,0.0,0.0,0.0,0.0,0.0,0.0,0.0,0.0,0.0,0.0,0.3601459979935247,0.0,0.0,0.0,0.0,0.0,0.0,0.0,0.0,0.0,0.3321840178884726,0.0,0.0,0.0,0.36968904007093084,0.0,0.0,0.0,0.0,0.0,0.0,0.0
Surface ectoderm,E8.5,Ectoderm,0.0,0.0,0.0,0.0,0.0,0.0,0.0,0.0,0.0,0.0,0.3218816229992866,0.0,0.0,0.0,0.0,0.0,0.0,0.0,0.0,0.0,0.0,0.0,0.0,0.0,0.0,0.0,0.0,0.0,0.0,0.0,0.37497521926624144,0.0,0.0,0.0,0.0,0.0
Surface ectoderm,E9.0,Ectoderm,0.0,0.33007119445323796,0.0,0.0,0.0,0.0,0.0,0.0,0.0,0.0,0.34004831792391726,0.0,0.0,0.0,0.0,0.0,0.0,0.0,0.0,0.0,0.0,0.0,0.0,0.0,0.0,0.0,0.0,0.3175292222477151,0.0,0.0,0.31019200458141477,0.0,0.0,0.0,0.0,0.0
Surface ectoderm,E9.5,Ectoderm,0.0,0.793202874816574,0.0,0.0,0.0,0.0,0.36027264302519757,0.0,0.0,0.0,0.4967280274717825,0.0,0.0,0.0,0.0,0.0,0.0,0.0,0.0,0.0,0.0,0.0,0.0,0.620443156364024,0.0,0.0,0.0,0.0,0.0,0.0,0.36263058757973277,0.0,0.0,0.0,0.0,0.0
Telencephalon,E8.5,Ectoderm,0.0,0.0,0.0,0.0,0.0,0.43185769942171154,0.0,0.0,0.0,0.0,0.0,0.0,0.0,0.0,0.0,0.0,0.0,0.0,0.0,0.0,0.0,0.0,0.0,0.0,0.0,0.0,0.0,0.0,0.0,0.0,0.0,0.0,0.0,0.0,0.0,0.0
Telencephalon,E9.0,Ectoderm,0.0,0.0,0.0,0.0,0.0,0.4200750275550741,0.0,0.0,0.31427715408480755,0.0,0.0,0.0,0.0,0.0,0.0,0.0,0.0,0.0,0.0,0.0,0.0,0.0,0.0,0.0,0.0,0.0,0.0,0.0,0.0,0.0,0.0,0.0,0.0,0.0,0.0,0.0
Telencephalon,E9.5,Ectoderm,0.0,0.0,0.0,0.0,0.0,0.4224470307409702,0.0,0.0,0.0,0.0,0.0,0.0,0.0,0.0,0.0,0.0,0.3691464494565291,0.0,0.0,0.0,0.0,0.0,0.0,0.0,0.0,0.0,0.0,0.0,0.0,0.0,0.0,0.0,0.0,0.0,0.0,0.0
Trigeminal ganglion neuron,E9.5,Ectoderm,0.0,0.0,0.0,0.0,0.0,0.0,0.0,0.0,0.0,0.0,0.0,0.0,0.37118021672184787,0.0,0.0,0.0,0.0,0.0,0.0,0.0,0.0,0.0,0.0,0.0,0.0,0.0,0.0,0.0,0.0,0.0,0.0,0.0,0.0,0.0,0.0,0.0
Trigeminal placode,E9.0,Ectoderm,0.0,0.32537473026775643,0.0,0.0,0.0,0.0,0.30319463143469005,0.0,0.0,0.0,0.0,0.0,0.0,0.0,0.0,0.0,0.0,0.0,0.0,0.0,0.0,0.0,0.0,0.0,0.0,0.0,0.0,0.0,0.0,0.0,0.0,0.0,0.0,0.0,0.0,0.0
Trigeminal placode,E9.5,Ectoderm,0.0,0.5248082403526172,0.0,0.0,0.0,0.0,0.46459278167668044,0.0,0.0,0.0,0.0,0.0,0.0,0.0,0.0,0.0,0.0,0.0,0.0,0.0,0.0,0.0,0.0,0.0,0.0,0.0,0.0,0.0,0.0,0.0,0.0,0.0,0.0,0.0,0.0,0.0
Trigeminal sensory neuron,E9.0,Ectoderm,0.0,0.0,0.0,0.0,0.0,0.0,0.0,0.0,0.0,0.0,0.0,0.0,0.0,0.0,0.0,0.0,0.0,0.0,0.0,0.0,0.0,0.0,0.0,0.0,0.0,0.0,0.0,0.0,0.0,0.0,0.0,0.0,0.0,0.0,0.0,0.0
Trigeminal sensory neuron,E9.5,Ectoderm,0.0,0.0,0.0,0.0,0.0,0.0,0.30852263744694247,0.0,0.0,0.0,0.0,0.0,0.30139248377481603,0.0,0.0,0.0,0.0,0.0,0.0,0.0,0.0,0.0,0.0,0.0,0.0,0.0,0.0,0.0,0.0,0.0,0.0,0.0,0.0,0.37105587162384307,0.0,0.0
Trunk neural crest,E8.5,Ectoderm,0.0,0.0,0.5106118147021306,0.0,0.0,0.0,0.0,0.4327919786899388,0.0,0.0,0.0,0.0,0.0,0.0,0.0,0.0,0.0,0.0,0.0,0.0,0.0,0.0,0.0,0.0,0.0,0.4976694919377236,0.0,0.0,0.0,0.0,0.32158682362545077,0.0,0.0,0.0,0.0,0.0
Trunk neural crest,E9.0,Ectoderm,0.0,0.0,0.3628546386149122,0.0,0.0,0.0,0.0,0.0,0.0,0.0,0.0,0.0,0.0,0.0,0.0,0.0,0.0,0.0,0.3399866411766974,0.0,0.0,0.0,0.0,0.0,0.0,0.0,0.5126976947312313,0.0,0.0,0.0,0.0,0.0,0.0,0.0,0.0,0.0
Trunk neural crest,E9.5,Ectoderm,0.0,0.0,0.5144462935985392,0.0,0.0,0.0,0.0,0.0,0.0,0.0,0.0,0.0,0.0,0.0,0.0,0.0,0.0,0.0,0.39288059461448793,0.0,0.0,0.0,0.0,0.0,0.0,0.0,0.0,0.0,0.0,0.0,0.0,0.0,0.0,0.0,0.0,0.0
Vagal neural crest,E8.5,Ectoderm,0.0,0.0,0.0,0.0,0.0,0.0,0.0,0.0,0.0,0.0,0.0,0.0,0.0,0.0,0.0,0.0,0.0,0.0,0.0,0.0,0.0,0.0,0.0,0.0,0.0,0.0,0.32946582633851706,0.0,0.0,0.0,0.0,0.0,0.0,0.0,0.0,0.0
Vagal neural crest,E9.0,Ectoderm,0.0,0.0,0.0,0.0,0.0,0.0,0.0,0.0,0.0,0.0,0.0,0.0,0.0,0.0,0.0,0.0,0.0,0.0,0.37406631633381077,0.0,0.0,0.0,0.0,0.0,0.0,0.0,0.0,0.0,0.0,0.30156586937575264,0.0,0.0,0.0,0.0,0.0,0.0
Vagal neural crest,E9.5,Ectoderm,0.0,0.0,0.0,0.0,0.0,0.0,0.0,0.0,0.0,0.0,0.0,0.0,0.0,0.0,0.0,0.0,0.0,0.0,0.4861508481597378,0.0,0.0,0.0,0.0,0.0,0.0,0.0,0.0,0.0,0.0,0.0,0.0,0.0,0.0,0.0,0.0,0.0
